date,temperaturemin,temperaturemax
2007-01-01,48.9,68
2007-01-02,32,55.9
2007-01-03,28.9,62.1
2007-01-04,46,69.1
2007-01-05,57,72
2007-01-06,50,71.1
2007-01-07,44.1,66
2007-01-08,39.9,66.9
2007-01-09,30,55
2007-01-10,27,44.1
2007-01-11,24.1,51.1
2007-01-12,36,64.9
2007-01-13,48,69.1
2007-01-14,50,73.9
2007-01-15,57,73.9
2007-01-16,39.9,63
2007-01-17,28.9,39.9
2007-01-18,27,35.1
2007-01-19,34,54
2007-01-20,26.1,48
2007-01-21,28,35.1
2007-01-22,33.1,41
2007-01-23,32,50
2007-01-24,30,48.9
2007-01-25,30.9,46.9
2007-01-26,21.9,48.9
2007-01-27,32,64
2007-01-28,30.9,57.9
2007-01-29,19.9,37
2007-01-30,24.1,48.9
2007-01-31,25,39.9
2007-02-01,30,34
2007-02-02,34,45
2007-02-03,27,45
2007-02-04,25,50
2007-02-05,19.9,39.9
2007-02-06,15.1,39
2007-02-07,35.1,52
2007-02-08,27,48
2007-02-09,21.9,42.1
2007-02-10,26.1,46
2007-02-11,19.9,50
2007-02-12,26.1,64
2007-02-13,37.9,50
2007-02-14,28,53.1
2007-02-15,21.9,39.9
2007-02-16,23,39
2007-02-17,19,48
2007-02-18,26.1,45
2007-02-19,19,50
2007-02-20,41,66
2007-02-21,50,73
2007-02-22,48.9,73.9
2007-02-23,37,55
2007-02-24,28,57
2007-02-25,42.1,51.1
2007-02-26,41,61
2007-02-27,34,64.9
2007-02-28,37.9,61
2007-03-01,41,66.9
2007-03-02,46.9,68
2007-03-03,41,69.1
2007-03-04,34,50
2007-03-05,26.1,64
2007-03-06,37.9,55
2007-03-07,35.1,70
2007-03-08,30,55
2007-03-09,30.9,59
2007-03-10,37,71.1
2007-03-11,39.9,70
2007-03-12,37.9,66.9
2007-03-13,44.1,80.1
2007-03-14,54,81
2007-03-15,57,81
2007-03-16,37.9,66
2007-03-17,33.1,48.9
2007-03-18,28,48.9
2007-03-19,26.1,63
2007-03-20,48.9,77
2007-03-21,50,63
2007-03-22,43,77
2007-03-23,53.1,82.9
2007-03-24,57,86
2007-03-25,51.1,79
2007-03-26,44.1,73.9
2007-03-27,59,87.1
2007-03-28,61,86
2007-03-29,41,61
2007-03-30,34,70
2007-03-31,46.9,79
2007-04-01,59,77
2007-04-02,60.1,82.9
2007-04-03,53.1,86
2007-04-04,55.9,82
2007-04-05,41,57.9
2007-04-06,30,57
2007-04-07,32,48
2007-04-08,27,55.9
2007-04-09,32,55.9
2007-04-10,32,64
2007-04-11,46,59
2007-04-12,55.9,75
2007-04-13,46,66.9
2007-04-14,48.9,70
2007-04-15,42.1,77
2007-04-16,43,60.1
2007-04-17,46.9,72
2007-04-18,42.1,66.9
2007-04-19,44.1,57.9
2007-04-20,44.1,71.1
2007-04-21,39.9,77
2007-04-22,48.9,84
2007-04-23,52,82.9
2007-04-24,57.9,82.9
2007-04-25,61,87.1
2007-04-26,64.9,84.9
2007-04-27,63,82.9
2007-04-28,59,75.9
2007-04-29,53.1,80.1
2007-04-30,46.9,87.1
2007-05-01,59,91.9
2007-05-02,63,90
2007-05-03,57,71.1
2007-05-04,53.1,57
2007-05-05,55,66
2007-05-06,46.9,66.9
2007-05-07,42.1,70
2007-05-08,50,69.1
2007-05-09,63,81
2007-05-10,63,82.9
2007-05-11,61,87.1
2007-05-12,66,82
2007-05-13,51.1,73
2007-05-14,44.1,75
2007-05-15,53.1,82
2007-05-16,62.1,84
2007-05-17,55.9,69.1
2007-05-18,48.9,70
2007-05-19,43,73
2007-05-20,46.9,82.9
2007-05-21,54,88
2007-05-22,63,81
2007-05-23,55,82
2007-05-24,53.1,82
2007-05-25,55.9,86
2007-05-26,61,91
2007-05-27,61,91
2007-05-28,61,91
2007-05-29,62.1,91.9
2007-05-30,63,90
2007-05-31,64,91
2007-06-01,64,89.1
2007-06-02,66,82.9
2007-06-03,64.9,77
2007-06-04,60.1,90
2007-06-05,64,90
2007-06-06,60.1,84
2007-06-07,66,93.9
2007-06-08,73,96.1
2007-06-09,68,91.9
2007-06-10,69.1,87.1
2007-06-11,62.1,82.9
2007-06-12,62.1,84.9
2007-06-13,64,79
2007-06-14,60.1,70
2007-06-15,59,75
2007-06-16,57.9,82.9
2007-06-17,64,89.1
2007-06-18,63,96.1
2007-06-19,70,97
2007-06-20,64.9,82.9
2007-06-21,62.1,87.1
2007-06-22,62.1,91
2007-06-23,66,84.9
2007-06-24,66.9,89.1
2007-06-25,68,91
2007-06-26,69.1,95
2007-06-27,69.1,93
2007-06-28,73,93.9
2007-06-29,71.1,93
2007-06-30,71.1,89.1
2007-07-01,66,86
2007-07-02,63,84
2007-07-03,63,86
2007-07-04,64.9,89.1
2007-07-05,64.9,91.9
2007-07-06,71.1,93.9
2007-07-07,68,93.9
2007-07-08,70,95
2007-07-09,71.1,98.1
2007-07-10,72,95
2007-07-11,70,95
2007-07-12,70,89.1
2007-07-13,64,81
2007-07-14,61,87.1
2007-07-15,66.9,90
2007-07-16,70,91.9
2007-07-17,70,96.1
2007-07-18,71.1,91
2007-07-19,71.1,93.9
2007-07-20,72,88
2007-07-21,62.1,84
2007-07-22,57.9,84.9
2007-07-23,62.1,84.9
2007-07-24,64,88
2007-07-25,64.9,88
2007-07-26,66,91.9
2007-07-27,69.1,93.9
2007-07-28,69.1,90
2007-07-29,66.9,89.1
2007-07-30,72,88
2007-07-31,70,89.1
2007-08-01,69.1,91.9
2007-08-02,69.1,91.9
2007-08-03,71.1,93
2007-08-04,70,96.1
2007-08-05,72,98.1
2007-08-06,73.9,97
2007-08-07,75,99
2007-08-08,75.9,102
2007-08-09,78.1,104
2007-08-10,75,104
2007-08-11,73,84.9
2007-08-12,66.9,91.9
2007-08-13,70,98.1
2007-08-14,71.1,93.9
2007-08-15,70,99
2007-08-16,75.9,100.9
2007-08-17,73.9,97
2007-08-18,66.9,90
2007-08-19,70,97
2007-08-20,75,102.9
2007-08-21,73.9,105.1
2007-08-22,71.1,95
2007-08-23,75,90
2007-08-24,73.9,99
2007-08-25,75,99
2007-08-26,72,98.1
2007-08-27,71.1,90
2007-08-28,71.1,93.9
2007-08-29,73,93
2007-08-30,73,90
2007-08-31,68,91
2007-09-01,69.1,87.1
2007-09-02,61,88
2007-09-03,59,91
2007-09-04,66,96.1
2007-09-05,66,96.1
2007-09-06,69.1,95
2007-09-07,69.1,93
2007-09-08,64.9,93
2007-09-09,60.1,95
2007-09-10,66.9,100.9
2007-09-11,73.9,99
2007-09-12,66,91
2007-09-13,63,91
2007-09-14,70,82.9
2007-09-15,61,82
2007-09-16,53.1,75
2007-09-17,51.1,75.9
2007-09-18,53.1,78.1
2007-09-19,57,75.9
2007-09-20,64.9,73.9
2007-09-21,66,81
2007-09-22,69.1,91
2007-09-23,66,91.9
2007-09-24,64.9,86
2007-09-25,59,89.1
2007-09-26,63,89.1
2007-09-27,64.9,91
2007-09-28,64,84.9
2007-09-29,50,79
2007-09-30,48,80.1
2007-10-01,53.1,82
2007-10-02,61,82
2007-10-03,63,84.9
2007-10-04,68,87.1
2007-10-05,68,78.1
2007-10-06,68,82.9
2007-10-07,64,90
2007-10-08,64.9,93
2007-10-09,66,93.9
2007-10-10,64,88
2007-10-11,51.1,69.1
2007-10-12,43,73.9
2007-10-13,43,75
2007-10-14,46,78.1
2007-10-15,48,80.1
2007-10-16,51.1,79
2007-10-17,54,84
2007-10-18,63,84.9
2007-10-19,70,84
2007-10-20,50,80.1
2007-10-21,45,81
2007-10-22,55.9,82.9
2007-10-23,64,82.9
2007-10-24,70,78.1
2007-10-25,59,70
2007-10-26,60.1,71.1
2007-10-27,55.9,75
2007-10-28,44.1,64.9
2007-10-29,37,61
2007-10-30,33.1,66.9
2007-10-31,37.9,73.9
2007-11-01,53.1,78.1
2007-11-02,46.9,62.1
2007-11-03,39.9,66
2007-11-04,35.1,66
2007-11-05,36,68
2007-11-06,43,63
2007-11-07,30,55
2007-11-08,32,54
2007-11-09,34,61
2007-11-10,35.1,57.9
2007-11-11,30,57.9
2007-11-12,37,66
2007-11-13,46.9,73.9
2007-11-14,48.9,78.1
2007-11-15,39,66
2007-11-16,34,51.1
2007-11-17,28,60.1
2007-11-18,35.1,70
2007-11-19,46,61
2007-11-20,45,66
2007-11-21,46.9,78.1
2007-11-22,51.1,77
2007-11-23,35.1,51.1
2007-11-24,25,50
2007-11-25,36,48.9
2007-11-26,44.1,64
2007-11-27,39,64
2007-11-28,32,57
2007-11-29,36,63
2007-11-30,32,57
2007-12-01,27,57.9
2007-12-02,33.1,54
2007-12-03,34,62.1
2007-12-04,36,45
2007-12-05,36,53.1
2007-12-06,26.1,45
2007-12-07,25,52
2007-12-08,39.9,71.1
2007-12-09,48.9,72
2007-12-10,55.9,81
2007-12-11,51.1,73.9
2007-12-12,55.9,79
2007-12-13,54,75.9
2007-12-14,46,66.9
2007-12-15,37.9,46.9
2007-12-16,35.1,53.1
2007-12-17,28,44.1
2007-12-18,21,46
2007-12-19,28.9,53.1
2007-12-20,28,57.9
2007-12-21,39.9,48
2007-12-22,43,50
2007-12-23,46.9,66.9
2007-12-24,32,57.9
2007-12-25,30.9,54
2007-12-26,35.1,43
2007-12-27,36,57.9
2007-12-28,36,64
2007-12-29,55,71.1
2007-12-30,46.9,57.9
2007-12-31,36,57
2008-01-01,35.1,55
2008-01-02,25,35.1
2008-01-03,19.9,35.1
2008-01-04,17.1,45
2008-01-05,25,55
2008-01-06,39.9,69.1
2008-01-07,43,72
2008-01-08,50,73
2008-01-09,55.9,73
2008-01-10,46.9,55.9
2008-01-11,48.9,68
2008-01-12,41,57.9
2008-01-13,39,46.9
2008-01-14,30.9,52
2008-01-15,24.1,44.1
2008-01-16,21,46
2008-01-17,34,39
2008-01-18,33.1,51.1
2008-01-19,33.1,42.1
2008-01-20,18,33.1
2008-01-21,15.1,37
2008-01-22,24.1,42.1
2008-01-23,37,54
2008-01-24,30,46.9
2008-01-25,21,39
2008-01-26,28.9,48
2008-01-27,26.1,52
2008-01-28,24.1,55
2008-01-29,37,64
2008-01-30,30.9,57
2008-01-31,27,51.1
2008-02-01,36,60.1
2008-02-02,28.9,61
2008-02-03,37.9,66
2008-02-04,41,71.1
2008-02-05,48,75.9
2008-02-06,61,77
2008-02-07,43,66
2008-02-08,35.1,59
2008-02-09,42.1,66.9
2008-02-10,37.9,64.9
2008-02-11,27,46.9
2008-02-12,30,62.1
2008-02-13,34,55.9
2008-02-14,28,50
2008-02-15,33.1,61
2008-02-16,41,57.9
2008-02-17,37,64.9
2008-02-18,45,73
2008-02-19,30.9,55
2008-02-20,30.9,64.9
2008-02-21,30,43
2008-02-22,32,42.1
2008-02-23,42.1,62.1
2008-02-24,37,46
2008-02-25,35.1,61
2008-02-26,46.9,61
2008-02-27,28.9,48.9
2008-02-28,21.9,43
2008-02-29,26.1,55.9
2008-03-01,39.9,64.9
2008-03-02,32,63
2008-03-03,39,73.9
2008-03-04,57.9,73.9
2008-03-05,44.1,64
2008-03-06,37.9,66.9
2008-03-07,46,59
2008-03-08,35.1,66
2008-03-09,28,52
2008-03-10,28,63
2008-03-11,37,64
2008-03-12,44.1,68
2008-03-13,37,75.9
2008-03-14,51.1,73.9
2008-03-15,46.9,68
2008-03-16,46.9,63
2008-03-17,33.1,57.9
2008-03-18,39,59
2008-03-19,57,75
2008-03-20,41,66
2008-03-21,33.1,66.9
2008-03-22,48,75
2008-03-23,37,57.9
2008-03-24,36,51.1
2008-03-25,28.9,57.9
2008-03-26,41,73
2008-03-27,46.9,77
2008-03-28,57,81
2008-03-29,41,68
2008-03-30,41,45
2008-03-31,44.1,60.1
2008-04-01,60.1,77
2008-04-02,51.1,66
2008-04-03,46,52
2008-04-04,45,73
2008-04-05,60.1,64.9
2008-04-06,48.9,61
2008-04-07,46,55.9
2008-04-08,46.9,64
2008-04-09,51.1,71.1
2008-04-10,48,78.1
2008-04-11,57,82.9
2008-04-12,57,75.9
2008-04-13,46,66.9
2008-04-14,37,55
2008-04-15,37.9,61
2008-04-16,32,68
2008-04-17,37.9,80.1
2008-04-18,46,86
2008-04-19,54,82
2008-04-20,48,73.9
2008-04-21,46,69.1
2008-04-22,55.9,71.1
2008-04-23,55.9,75.9
2008-04-24,51.1,80.1
2008-04-25,55,82
2008-04-26,60.1,87.1
2008-04-27,63,79
2008-04-28,55.9,71.1
2008-04-29,45,61
2008-04-30,37.9,66.9
2008-05-01,48,78.1
2008-05-02,57,81
2008-05-03,60.1,80.1
2008-05-04,60.1,82
2008-05-05,55,73
2008-05-06,54,79
2008-05-07,51.1,82.9
2008-05-08,64.9,77
2008-05-09,63,82
2008-05-10,55.9,80.1
2008-05-11,51.1,66.9
2008-05-12,51.1,64
2008-05-13,44.1,71.1
2008-05-14,44.1,73.9
2008-05-15,60.1,78.1
2008-05-16,57.9,82
2008-05-17,46.9,75
2008-05-18,53.1,79
2008-05-19,52,75
2008-05-20,57.9,82.9
2008-05-21,52,75
2008-05-22,48,78.1
2008-05-23,52,79
2008-05-24,54,75
2008-05-25,52,80.1
2008-05-26,55,84
2008-05-27,63,87.1
2008-05-28,55.9,73
2008-05-29,55,78.1
2008-05-30,54,86
2008-05-31,68,89.1
2008-06-01,64.9,91
2008-06-02,61,84
2008-06-03,66,88
2008-06-04,72,93.9
2008-06-05,75.9,96.1
2008-06-06,75.9,99
2008-06-07,73.9,100
2008-06-08,73,100.9
2008-06-09,73.9,100
2008-06-10,73.9,100.9
2008-06-11,73.9,93
2008-06-12,73.9,89.1
2008-06-13,68,93
2008-06-14,69.1,96.1
2008-06-15,69.1,91
2008-06-16,66.9,95
2008-06-17,68,90
2008-06-18,55.9,84.9
2008-06-19,55.9,88
2008-06-20,63,91
2008-06-21,66,88
2008-06-22,64.9,87.1
2008-06-23,66.9,89.1
2008-06-24,63,91
2008-06-25,62.1,95
2008-06-26,72,97
2008-06-27,71.1,96.1
2008-06-28,70,98.1
2008-06-29,69.1,95
2008-06-30,69.1,89.1
2008-07-01,62.1,81
2008-07-02,55.9,88
2008-07-03,66.9,91.9
2008-07-04,69.1,95
2008-07-05,69.1,87.1
2008-07-06,70,87.1
2008-07-07,69.1,87.1
2008-07-08,70,88
2008-07-09,70,90
2008-07-10,71.1,89.1
2008-07-11,72,87.1
2008-07-12,68,89.1
2008-07-13,68,91
2008-07-14,69.1,79
2008-07-15,66,87.1
2008-07-16,64.9,88
2008-07-17,64,89.1
2008-07-18,64.9,91
2008-07-19,70,90
2008-07-20,71.1,93
2008-07-21,72,97
2008-07-22,72,97
2008-07-23,70,90
2008-07-24,64.9,87.1
2008-07-25,63,86
2008-07-26,66,87.1
2008-07-27,72,91
2008-07-28,70,93
2008-07-29,72,91.9
2008-07-30,75,93
2008-07-31,73,95
2008-08-01,73,93.9
2008-08-02,71.1,95
2008-08-03,70,91.9
2008-08-04,66,93.9
2008-08-05,72,96.1
2008-08-06,73,96.1
2008-08-07,73,93
2008-08-08,70,91
2008-08-09,64,89.1
2008-08-10,66,88
2008-08-11,64.9,86
2008-08-12,55.9,89.1
2008-08-13,61,73.9
2008-08-14,60.1,84.9
2008-08-15,66,91
2008-08-16,66.9,86
2008-08-17,64.9,84.9
2008-08-18,64,89.1
2008-08-19,66.9,95
2008-08-20,68,91.9
2008-08-21,70,88
2008-08-22,64,88
2008-08-23,66,88
2008-08-24,66.9,91
2008-08-25,69.1,88
2008-08-26,72,81
2008-08-27,71.1,84
2008-08-28,72,89.1
2008-08-29,70,89.1
2008-08-30,70,91
2008-08-31,69.1,90
2008-09-01,64.9,86
2008-09-02,61,87.1
2008-09-03,61,90
2008-09-04,64,90
2008-09-05,64,82
2008-09-06,71.1,88
2008-09-07,69.1,89.1
2008-09-08,66.9,90
2008-09-09,70,87.1
2008-09-10,66.9,75
2008-09-11,66.9,78.1
2008-09-12,70,86
2008-09-13,72,91
2008-09-14,73,91
2008-09-15,73,86
2008-09-16,63,73.9
2008-09-17,60.1,73.9
2008-09-18,55.9,81
2008-09-19,55.9,75.9
2008-09-20,53.1,73
2008-09-21,57,75
2008-09-22,60.1,80.1
2008-09-23,59,75.9
2008-09-24,53.1,70
2008-09-25,59,64
2008-09-26,63,81
2008-09-27,64.9,80.1
2008-09-28,66.9,82.9
2008-09-29,64,82
2008-09-30,62.1,81
2008-10-01,51.1,73
2008-10-02,46.9,70
2008-10-03,46.9,75
2008-10-04,48.9,79
2008-10-05,54,82
2008-10-06,53.1,82
2008-10-07,55.9,71.1
2008-10-08,52,73.9
2008-10-09,64,75.9
2008-10-10,64.9,73
2008-10-11,60.1,71.1
2008-10-12,55.9,78.1
2008-10-13,52,79
2008-10-14,48.9,84.9
2008-10-15,54,87.1
2008-10-16,55.9,84.9
2008-10-17,53.1,70
2008-10-18,51.1,62.1
2008-10-19,39,61
2008-10-20,35.1,66.9
2008-10-21,42.1,73.9
2008-10-22,35.1,60.1
2008-10-23,39,60.1
2008-10-24,48,63
2008-10-25,57.9,77
2008-10-26,44.1,70
2008-10-27,35.1,60.1
2008-10-28,34,55
2008-10-29,34,59
2008-10-30,28,60.1
2008-10-31,30.9,66.9
2008-11-01,37.9,77
2008-11-02,37.9,75
2008-11-03,55,57.9
2008-11-04,55.9,59
2008-11-05,52,68
2008-11-06,46.9,77
2008-11-07,46.9,80.1
2008-11-08,44.1,73
2008-11-09,37,66
2008-11-10,34,61
2008-11-11,33.1,57
2008-11-12,39,61
2008-11-13,51.1,66
2008-11-14,55,64
2008-11-15,51.1,75.9
2008-11-16,36,55.9
2008-11-17,32,55
2008-11-18,32,45
2008-11-19,27,45
2008-11-20,28,57
2008-11-21,28,44.1
2008-11-22,21,46
2008-11-23,26.1,55
2008-11-24,28,55
2008-11-25,30.9,54
2008-11-26,26.1,54
2008-11-27,28.9,63
2008-11-28,39,68
2008-11-29,39,50
2008-11-30,39,59
2008-12-01,36,52
2008-12-02,28,48.9
2008-12-03,25,54
2008-12-04,33.1,57.9
2008-12-05,28,52
2008-12-06,26.1,46.9
2008-12-07,25,43
2008-12-08,21.9,48
2008-12-09,36,66
2008-12-10,61,70
2008-12-11,57,69.1
2008-12-12,36,57.9
2008-12-13,25,46.9
2008-12-14,28,57
2008-12-15,54,70
2008-12-16,44.1,61
2008-12-17,44.1,57.9
2008-12-18,48.9,57.9
2008-12-19,54,71.1
2008-12-20,48.9,61
2008-12-21,35.1,60.1
2008-12-22,21,36
2008-12-23,21.9,44.1
2008-12-24,37.9,66.9
2008-12-25,37.9,66
2008-12-26,37,48
2008-12-27,43,59
2008-12-28,57,73.9
2008-12-29,39,60.1
2008-12-30,37,64
2008-12-31,28.9,57
2009-01-01,23,42.1
2009-01-02,27,42.1
2009-01-03,32,57.9
2009-01-04,43,55.9
2009-01-05,53.1,60.1
2009-01-06,43,57
2009-01-07,41,68
2009-01-08,36,53.1
2009-01-09,27,50
2009-01-10,33.1,64
2009-01-11,39.9,57.9
2009-01-12,30,48
2009-01-13,32,43
2009-01-14,28,46
2009-01-15,21.9,44.1
2009-01-16,15.1,28
2009-01-17,10.9,36
2009-01-18,32,41
2009-01-19,35.1,50
2009-01-20,23,35.1
2009-01-21,12.9,35.1
2009-01-22,21.9,48.9
2009-01-23,30.9,60.1
2009-01-24,36,57
2009-01-25,30,36
2009-01-26,33.1,46.9
2009-01-27,39.9,43
2009-01-28,42.1,66.9
2009-01-29,30,54
2009-01-30,28,50
2009-01-31,26.1,46.9
2009-02-01,32,62.1
2009-02-02,37,64
2009-02-03,32,46
2009-02-04,25,37.9
2009-02-05,19,34
2009-02-06,19.9,55
2009-02-07,30.9,71.1
2009-02-08,44.1,75
2009-02-09,39.9,66
2009-02-10,48,73
2009-02-11,54,75
2009-02-12,51.1,69.1
2009-02-13,41,68
2009-02-14,45,63
2009-02-15,34,54
2009-02-16,30.9,46
2009-02-17,23,50
2009-02-18,39.9,57
2009-02-19,34,57.9
2009-02-20,27,43
2009-02-21,21.9,54
2009-02-22,30.9,50
2009-02-23,28,44.1
2009-02-24,23,46
2009-02-25,25,55.9
2009-02-26,37,64.9
2009-02-27,53.1,72
2009-02-28,37.9,57.9
2009-03-01,35.1,37.9
2009-03-02,23,35.1
2009-03-03,18,36
2009-03-04,19.9,50
2009-03-05,28.9,61
2009-03-06,39.9,73.9
2009-03-07,48.9,82
2009-03-08,53.1,84
2009-03-09,55,84
2009-03-10,46.9,69.1
2009-03-11,61,82.9
2009-03-12,46.9,62.1
2009-03-13,39,46.9
2009-03-14,39,44.1
2009-03-15,43,48.9
2009-03-16,46.9,51.1
2009-03-17,43,62.1
2009-03-18,43,68
2009-03-19,45,75.9
2009-03-20,41,60.1
2009-03-21,30.9,57
2009-03-22,30.9,66.9
2009-03-23,42.1,66
2009-03-24,41,57.9
2009-03-25,42.1,48.9
2009-03-26,46,69.1
2009-03-27,57,68
2009-03-28,62.1,70
2009-03-29,50,77
2009-03-30,44.1,66.9
2009-03-31,39,69.1
2009-04-01,53.1,70
2009-04-02,57.9,64.9
2009-04-03,55,78.1
2009-04-04,46.9,73.9
2009-04-05,44.1,82.9
2009-04-06,48,71.1
2009-04-07,41,51.1
2009-04-08,32,61
2009-04-09,43,70
2009-04-10,54,78.1
2009-04-11,51.1,72
2009-04-12,44.1,66
2009-04-13,45,63
2009-04-14,55.9,73
2009-04-15,48.9,64
2009-04-16,43,68
2009-04-17,36,73.9
2009-04-18,45,82.9
2009-04-19,53.1,73
2009-04-20,59,79
2009-04-21,50,75
2009-04-22,46.9,64.9
2009-04-23,41,80.1
2009-04-24,52,89.1
2009-04-25,66,91.9
2009-04-26,61,91
2009-04-27,61,89.1
2009-04-28,55,84.9
2009-04-29,57.9,82.9
2009-04-30,55,75.9
2009-05-01,66.9,82
2009-05-02,66,84
2009-05-03,64,86
2009-05-04,66.9,87.1
2009-05-05,60.1,73
2009-05-06,61,82.9
2009-05-07,66,84
2009-05-08,62.1,82
2009-05-09,66.9,90
2009-05-10,63,80.1
2009-05-11,48,68
2009-05-12,46.9,75.9
2009-05-13,55,75
2009-05-14,60.1,82
2009-05-15,69.1,84.9
2009-05-16,70,87.1
2009-05-17,52,73
2009-05-18,48.9,66.9
2009-05-19,45,71.1
2009-05-20,44.1,79
2009-05-21,60.1,82
2009-05-22,57.9,87.1
2009-05-23,61,84.9
2009-05-24,66.9,84
2009-05-25,66.9,82.9
2009-05-26,69.1,82
2009-05-27,64,86
2009-05-28,68,86
2009-05-29,68,88
2009-05-30,63,84.9
2009-05-31,64.9,88
2009-06-01,64.9,87.1
2009-06-02,66,93.9
2009-06-03,70,91.9
2009-06-04,68,90
2009-06-05,64.9,80.1
2009-06-06,63,75.9
2009-06-07,62.1,86
2009-06-08,66,91
2009-06-09,66,93.9
2009-06-10,64.9,84.9
2009-06-11,69.1,89.1
2009-06-12,66.9,91
2009-06-13,70,91.9
2009-06-14,70,86
2009-06-15,68,84.9
2009-06-16,66,73
2009-06-17,68,80.1
2009-06-18,71.1,91
2009-06-19,70,91
2009-06-20,73.9,96.1
2009-06-21,72,90
2009-06-22,68,88
2009-06-23,68,89.1
2009-06-24,68,91
2009-06-25,64,95
2009-06-26,69.1,97
2009-06-27,71.1,93.9
2009-06-28,63,91.9
2009-06-29,72,91.9
2009-06-30,64,95
2009-07-01,64.9,97
2009-07-02,66.9,91.9
2009-07-03,64.9,87.1
2009-07-04,60.1,90
2009-07-05,70,82
2009-07-06,70,82.9
2009-07-07,64,91
2009-07-08,64.9,91
2009-07-09,69.1,87.1
2009-07-10,66,84
2009-07-11,66.9,91
2009-07-12,72,97
2009-07-13,69.1,82
2009-07-14,64.9,88
2009-07-15,63,91.9
2009-07-16,73.9,91
2009-07-17,73,97
2009-07-18,71.1,86
2009-07-19,66,88
2009-07-20,66.9,79
2009-07-21,68,88
2009-07-22,68,91.9
2009-07-23,72,93
2009-07-24,71.1,91.9
2009-07-25,66.9,96.1
2009-07-26,73,99
2009-07-27,73,93.9
2009-07-28,69.1,95
2009-07-29,72,91.9
2009-07-30,73.9,95
2009-07-31,73,93
2009-08-01,73,91.9
2009-08-02,73.9,82.9
2009-08-03,70,95
2009-08-04,66.9,95
2009-08-05,72,96.1
2009-08-06,70,84.9
2009-08-07,68,88
2009-08-08,69.1,91
2009-08-09,70,99
2009-08-10,72,99
2009-08-11,73,99
2009-08-12,71.1,84
2009-08-13,71.1,81
2009-08-14,71.1,84.9
2009-08-15,71.1,88
2009-08-16,69.1,90
2009-08-17,68,93
2009-08-18,72,96.1
2009-08-19,73,98.1
2009-08-20,73,91.9
2009-08-21,75.9,93.9
2009-08-22,70,86
2009-08-23,69.1,84.9
2009-08-24,68,87.1
2009-08-25,68,88
2009-08-26,66.9,95
2009-08-27,70,93.9
2009-08-28,71.1,90
2009-08-29,71.1,91.9
2009-08-30,69.1,86
2009-08-31,64.9,72
2009-09-01,61,79
2009-09-02,57,79
2009-09-03,59,81
2009-09-04,57.9,87.1
2009-09-05,57,89.1
2009-09-06,63,87.1
2009-09-07,63,79
2009-09-08,68,80.1
2009-09-09,62.1,82
2009-09-10,59,72
2009-09-11,55.9,82.9
2009-09-12,60.1,87.1
2009-09-13,59,82
2009-09-14,57,87.1
2009-09-15,62.1,91
2009-09-16,66.9,79
2009-09-17,64.9,71.1
2009-09-18,64.9,77
2009-09-19,62.1,81
2009-09-20,62.1,78.1
2009-09-21,57,82
2009-09-22,64,81
2009-09-23,71.1,82.9
2009-09-24,71.1,90
2009-09-25,62.1,77
2009-09-26,63,68
2009-09-27,61,81
2009-09-28,55,86
2009-09-29,50,72
2009-09-30,46.9,75
2009-10-01,51.1,73
2009-10-02,55,77
2009-10-03,55,82
2009-10-04,48.9,75
2009-10-05,57,66.9
2009-10-06,60.1,66
2009-10-07,57.9,82.9
2009-10-08,45,73.9
2009-10-09,55.9,82.9
2009-10-10,59,79
2009-10-11,55.9,70
2009-10-12,53.1,60.1
2009-10-13,52,77
2009-10-14,46.9,61
2009-10-15,45,55
2009-10-16,46,57.9
2009-10-17,45,57.9
2009-10-18,39.9,52
2009-10-19,34,61
2009-10-20,35.1,72
2009-10-21,42.1,78.1
2009-10-22,46,78.1
2009-10-23,60.1,81
2009-10-24,57.9,81
2009-10-25,46.9,60.1
2009-10-26,44.1,64
2009-10-27,54,62.1
2009-10-28,54,75.9
2009-10-29,48,68
2009-10-30,54,61
2009-10-31,59,80.1
2009-11-01,48.9,70
2009-11-02,42.1,60.1
2009-11-03,37.9,71.1
2009-11-04,37.9,64
2009-11-05,37.9,64.9
2009-11-06,37.9,60.1
2009-11-07,33.1,66
2009-11-08,42.1,75.9
2009-11-09,42.1,75.9
2009-11-10,55.9,63
2009-11-11,48,57
2009-11-12,46,48
2009-11-13,48,55
2009-11-14,48,66.9
2009-11-15,44.1,73
2009-11-16,42.1,73.9
2009-11-17,46.9,63
2009-11-18,52,62.1
2009-11-19,57.9,73
2009-11-20,42.1,63
2009-11-21,39,57
2009-11-22,37,57
2009-11-23,48.9,52
2009-11-24,48,57.9
2009-11-25,46.9,55.9
2009-11-26,41,61
2009-11-27,36,54
2009-11-28,28.9,57.9
2009-11-29,39,71.1
2009-11-30,42.1,62.1
2009-12-01,30,55.9
2009-12-02,39.9,68
2009-12-03,39,68
2009-12-04,34,55.9
2009-12-05,36,48
2009-12-06,28,44.1
2009-12-07,27,51.1
2009-12-08,33.1,46
2009-12-09,39.9,70
2009-12-10,35.1,59
2009-12-11,25,36
2009-12-12,21.9,43
2009-12-13,36,42.1
2009-12-14,37.9,50
2009-12-15,48,59
2009-12-16,28.9,48.9
2009-12-17,28,45
2009-12-18,30.9,37
2009-12-19,30,34
2009-12-20,26.1,45
2009-12-21,24.1,48.9
2009-12-22,24.1,48.9
2009-12-23,25,53.1
2009-12-24,27,48
2009-12-25,36,59
2009-12-26,39,53.1
2009-12-27,28,55
2009-12-28,30.9,46
2009-12-29,24.1,42.1
2009-12-30,23,37.9
2009-12-31,32,46
2010-01-01,30.9,48
2010-01-02,21.9,32
2010-01-03,18,32
2010-01-04,17.1,36
2010-01-05,17.1,36
2010-01-06,19,41
2010-01-07,19.9,48
2010-01-08,21.9,42.1
2010-01-09,19.9,37
2010-01-10,19,37
2010-01-11,15.1,45
2010-01-12,28,37.9
2010-01-13,19,46
2010-01-14,23,57
2010-01-15,28,63
2010-01-16,30,62.1
2010-01-17,45,68
2010-01-18,39,62.1
2010-01-19,35.1,66
2010-01-20,37,64.9
2010-01-21,37,41
2010-01-22,37,39.9
2010-01-23,30,50
2010-01-24,39.9,64.9
2010-01-25,46.9,66
2010-01-26,30.9,51.1
2010-01-27,25,51.1
2010-01-28,30,63
2010-01-29,28,46
2010-01-30,19,28
2010-01-31,17.1,37.9
2010-02-01,18,48
2010-02-02,28.9,37
2010-02-03,33.1,51.1
2010-02-04,30,44.1
2010-02-05,33.1,42.1
2010-02-06,30,37
2010-02-07,21.9,42.1
2010-02-08,21.9,46
2010-02-09,32,39.9
2010-02-10,28,37.9
2010-02-11,30,45
2010-02-12,26.1,39
2010-02-13,28,42.1
2010-02-14,24.1,46.9
2010-02-15,28.9,51.1
2010-02-16,27,41
2010-02-17,25,43
2010-02-18,28,50
2010-02-19,25,54
2010-02-20,23,59
2010-02-21,25,64.9
2010-02-22,36,52
2010-02-23,39.9,53.1
2010-02-24,37,48
2010-02-25,30,42.1
2010-02-26,28.9,50
2010-02-27,30,51.1
2010-02-28,26.1,51.1
2010-03-01,28.9,54
2010-03-02,33.1,42.1
2010-03-03,33.1,44.1
2010-03-04,36,51.1
2010-03-05,25,51.1
2010-03-06,28.9,55.9
2010-03-07,24.1,63
2010-03-08,30,66
2010-03-09,35.1,73
2010-03-10,50,69.1
2010-03-11,52,69.1
2010-03-12,57,64
2010-03-13,48.9,68
2010-03-14,45,62.1
2010-03-15,39.9,62.1
2010-03-16,39,52
2010-03-17,35.1,64
2010-03-18,45,68
2010-03-19,37,73.9
2010-03-20,39.9,78.1
2010-03-21,52,69.1
2010-03-22,44.1,66
2010-03-23,39,66
2010-03-24,39,73.9
2010-03-25,48.9,75.9
2010-03-26,36,66.9
2010-03-27,32,57.9
2010-03-28,37.9,69.1
2010-03-29,52,66.9
2010-03-30,51.1,69.1
2010-03-31,41,77
2010-04-01,43,84
2010-04-02,54,88
2010-04-03,55,80.1
2010-04-04,57.9,82.9
2010-04-05,57.9,88
2010-04-06,62.1,90
2010-04-07,61,87.1
2010-04-08,62.1,81
2010-04-09,46,66
2010-04-10,42.1,70
2010-04-11,41,75.9
2010-04-12,46,78.1
2010-04-13,51.1,79
2010-04-14,41,57
2010-04-15,37.9,75
2010-04-16,50,86
2010-04-17,55.9,78.1
2010-04-18,41,66
2010-04-19,39.9,68
2010-04-20,42.1,73.9
2010-04-21,48,64.9
2010-04-22,44.1,75
2010-04-23,48,72
2010-04-24,57,77
2010-04-25,62.1,81
2010-04-26,59,78.1
2010-04-27,50,68
2010-04-28,41,66.9
2010-04-29,37.9,75
2010-04-30,50,82.9
2010-05-01,61,89.1
2010-05-02,72,91.9
2010-05-03,72,78.1
2010-05-04,57.9,82
2010-05-05,55.9,89.1
2010-05-06,68,91.9
2010-05-07,61,90
2010-05-08,62.1,90
2010-05-09,48.9,68
2010-05-10,42.1,68
2010-05-11,55.9,68
2010-05-12,64,84.9
2010-05-13,64,75.9
2010-05-14,64.9,93.9
2010-05-15,68,95
2010-05-16,66.9,82
2010-05-17,55.9,77
2010-05-18,54,63
2010-05-19,57,70
2010-05-20,57.9,79
2010-05-21,54,84
2010-05-22,66,82
2010-05-23,64.9,80.1
2010-05-24,64,73
2010-05-25,64,78.1
2010-05-26,62.1,82.9
2010-05-27,60.1,91
2010-05-28,64,87.1
2010-05-29,64.9,84
2010-05-30,69.1,88
2010-05-31,69.1,88
2010-06-01,69.1,84.9
2010-06-02,71.1,88
2010-06-03,70,89.1
2010-06-04,70,91.9
2010-06-05,73,91.9
2010-06-06,72,93
2010-06-07,64,82
2010-06-08,64,82.9
2010-06-09,68,88
2010-06-10,73.9,91
2010-06-11,70,91
2010-06-12,68,93.9
2010-06-13,72,96.1
2010-06-14,71.1,93
2010-06-15,72,93.9
2010-06-16,73,91
2010-06-17,71.1,91
2010-06-18,69.1,88
2010-06-19,73,93
2010-06-20,72,93.9
2010-06-21,69.1,93
2010-06-22,69.1,98.1
2010-06-23,73,97
2010-06-24,73,99
2010-06-25,77,93.9
2010-06-26,73,97
2010-06-27,73,100.9
2010-06-28,73,99
2010-06-29,75,96.1
2010-06-30,69.1,78.1
2010-07-01,64,81
2010-07-02,57.9,82.9
2010-07-03,57,87.1
2010-07-04,61,93
2010-07-05,64,97
2010-07-06,66,100.9
2010-07-07,69.1,102
2010-07-08,73,99
2010-07-09,72,95
2010-07-10,73.9,91
2010-07-11,73,96.1
2010-07-12,73.9,87.1
2010-07-13,72,93
2010-07-14,72,91.9
2010-07-15,71.1,96.1
2010-07-16,77,97
2010-07-17,72,88
2010-07-18,71.1,95
2010-07-19,75,93
2010-07-20,73,98.1
2010-07-21,75,97
2010-07-22,75,97
2010-07-23,75.9,100
2010-07-24,79,100
2010-07-25,80.1,102
2010-07-26,77,93.9
2010-07-27,72,82.9
2010-07-28,73.9,93.9
2010-07-29,73.9,97
2010-07-30,73,89.1
2010-07-31,64,78.1
2010-08-01,66,79
2010-08-02,70,86
2010-08-03,71.1,91
2010-08-04,73.9,95
2010-08-05,73.9,95
2010-08-06,72,91.9
2010-08-07,72,89.1
2010-08-08,71.1,90
2010-08-09,71.1,93
2010-08-10,73.9,97
2010-08-11,78.1,98.1
2010-08-12,75.9,97
2010-08-13,73.9,88
2010-08-14,73.9,88
2010-08-15,73.9,93
2010-08-16,73.9,95
2010-08-17,73.9,97
2010-08-18,75,96.1
2010-08-19,75,84
2010-08-20,71.1,90
2010-08-21,66.9,90
2010-08-22,73,91
2010-08-23,72,89.1
2010-08-24,70,82.9
2010-08-25,66.9,80.1
2010-08-26,66,90
2010-08-27,66.9,91
2010-08-28,70,90
2010-08-29,66.9,90
2010-08-30,64.9,98.1
2010-08-31,64.9,97
2010-09-01,69.1,95
2010-09-02,66,89.1
2010-09-03,73,99
2010-09-04,59,87.1
2010-09-05,54,87.1
2010-09-06,57.9,90
2010-09-07,66,93.9
2010-09-08,71.1,91
2010-09-09,57.9,91.9
2010-09-10,57.9,88
2010-09-11,66,79
2010-09-12,64.9,88
2010-09-13,63,87.1
2010-09-14,60.1,96.1
2010-09-15,59,93.9
2010-09-16,68,93.9
2010-09-17,73,95
2010-09-18,64.9,87.1
2010-09-19,60.1,93
2010-09-20,64,93
2010-09-21,66.9,89.1
2010-09-22,70,96.1
2010-09-23,71.1,99
2010-09-24,70,96.1
2010-09-25,68,98.1
2010-09-26,68,84
2010-09-27,69.1,75.9
2010-09-28,64,81
2010-09-29,63,69.1
2010-09-30,68,77
2010-10-01,55,78.1
2010-10-02,50,73.9
2010-10-03,50,72
2010-10-04,53.1,68
2010-10-05,46.9,69.1
2010-10-06,44.1,70
2010-10-07,46.9,82
2010-10-08,48,79
2010-10-09,48,84
2010-10-10,52,87.1
2010-10-11,57.9,87.1
2010-10-12,57,88
2010-10-13,62.1,79
2010-10-14,55,71.1
2010-10-15,43,71.1
2010-10-16,42.1,70
2010-10-17,39.9,78.1
2010-10-18,48.9,82
2010-10-19,54,79
2010-10-20,52,64.9
2010-10-21,48.9,78.1
2010-10-22,43,68
2010-10-23,39,73.9
2010-10-24,46.9,78.1
2010-10-25,61,78.1
2010-10-26,64,81
2010-10-27,73,87.1
2010-10-28,61,82
2010-10-29,44.1,62.1
2010-10-30,36,64.9
2010-10-31,44.1,75
2010-11-01,46,63
2010-11-02,41,57.9
2010-11-03,45,55.9
2010-11-04,48,54
2010-11-05,39.9,61
2010-11-06,37.9,53.1
2010-11-07,30,53.1
2010-11-08,30.9,66.9
2010-11-09,37,73
2010-11-10,39.9,70
2010-11-11,39.9,66
2010-11-12,36,66
2010-11-13,32,69.1
2010-11-14,32,70
2010-11-15,39.9,70
2010-11-16,54,66.9
2010-11-17,39.9,64.9
2010-11-18,34,62.1
2010-11-19,34,61
2010-11-20,39.9,69.1
2010-11-21,37.9,69.1
2010-11-22,43,73
2010-11-23,54,77
2010-11-24,46,63
2010-11-25,41,61
2010-11-26,50,66
2010-11-27,34,54
2010-11-28,26.1,52
2010-11-29,27,55
2010-11-30,48.9,72
2010-12-01,30.9,70
2010-12-02,26.1,48.9
2010-12-03,33.1,48.9
2010-12-04,28.9,41
2010-12-05,28.9,41
2010-12-06,25,37.9
2010-12-07,21,35.1
2010-12-08,16,37.9
2010-12-09,19.9,42.1
2010-12-10,24.1,48
2010-12-11,26.1,41
2010-12-12,36,52
2010-12-13,25,36
2010-12-14,16,35.1
2010-12-15,16,37
2010-12-16,28,35.1
2010-12-17,28,43
2010-12-18,28.9,39
2010-12-19,28.9,43
2010-12-20,25,42.1
2010-12-21,28,42.1
2010-12-22,41,52
2010-12-23,32,45
2010-12-24,21.9,46.9
2010-12-25,32,44.1
2010-12-26,26.1,33.1
2010-12-27,19.9,37
2010-12-28,19,46.9
2010-12-29,24.1,46.9
2010-12-30,24.1,46
2010-12-31,28.9,61
2011-01-01,39,63
2011-01-02,37,62.1
2011-01-03,26.1,45
2011-01-04,23,54
2011-01-05,26.1,46
2011-01-06,32,48
2011-01-07,30.9,46
2011-01-08,24.1,44.1
2011-01-09,19,35.1
2011-01-10,26.1,34
2011-01-11,28,32
2011-01-12,26.1,37.9
2011-01-13,19.9,42.1
2011-01-14,19,41
2011-01-15,26.1,50
2011-01-16,25,53.1
2011-01-17,30,46
2011-01-18,32,46.9
2011-01-19,42.1,61
2011-01-20,28,51.1
2011-01-21,28,46.9
2011-01-22,17.1,32
2011-01-23,16,46
2011-01-24,25,39.9
2011-01-25,30,51.1
2011-01-26,37.9,43
2011-01-27,28,48
2011-01-28,28,55.9
2011-01-29,24.1,57.9
2011-01-30,35.1,69.1
2011-01-31,35.1,46.9
2011-02-01,34,53.1
2011-02-02,44.1,68
2011-02-03,32,44.1
2011-02-04,33.1,37
2011-02-05,35.1,48.9
2011-02-06,30,54
2011-02-07,30,57.9
2011-02-08,30,50
2011-02-09,24.1,48
2011-02-10,26.1,46
2011-02-11,21,51.1
2011-02-12,24.1,57
2011-02-13,25,61
2011-02-14,37.9,72
2011-02-15,32,57
2011-02-16,34,63
2011-02-17,39.9,71.1
2011-02-18,52,78.1
2011-02-19,48,68
2011-02-20,30.9,62.1
2011-02-21,44.1,75.9
2011-02-22,33.1,64.9
2011-02-23,28.9,53.1
2011-02-24,37,59
2011-02-25,41,73.9
2011-02-26,33.1,61
2011-02-27,44.1,81
2011-02-28,57,81
2011-03-01,39.9,57
2011-03-02,30,66
2011-03-03,35.1,53.1
2011-03-04,27,61
2011-03-05,43,69.1
2011-03-06,39,64.9
2011-03-07,34,54
2011-03-08,28,57.9
2011-03-09,39,61
2011-03-10,42.1,68
2011-03-11,36,51.1
2011-03-12,30.9,69.1
2011-03-13,45,77
2011-03-14,43,57.9
2011-03-15,42.1,55.9
2011-03-16,46.9,64
2011-03-17,37,70
2011-03-18,46,84.9
2011-03-19,55.9,75
2011-03-20,42.1,60.1
2011-03-21,52,75
2011-03-22,54,84.9
2011-03-23,50,82.9
2011-03-24,50,68
2011-03-25,42.1,57
2011-03-26,39,50
2011-03-27,35.1,39.9
2011-03-28,30.9,48.9
2011-03-29,28.9,62.1
2011-03-30,39.9,48
2011-03-31,39.9,48
2011-04-01,37.9,55
2011-04-02,37,64.9
2011-04-03,33.1,71.1
2011-04-04,55.9,84.9
2011-04-05,46.9,71.1
2011-04-06,34,68
2011-04-07,46,79
2011-04-08,53.1,82
2011-04-09,48,57
2011-04-10,52,72
2011-04-11,60.1,84
2011-04-12,57,73
2011-04-13,46.9,72
2011-04-14,43,75
2011-04-15,48.9,75.9
2011-04-16,55.9,73.9
2011-04-17,45,71.1
2011-04-18,50,80.1
2011-04-19,55.9,84.9
2011-04-20,64,84
2011-04-21,55,73
2011-04-22,51.1,57.9
2011-04-23,54,78.1
2011-04-24,62.1,87.1
2011-04-25,66,84
2011-04-26,68,82.9
2011-04-27,68,87.1
2011-04-28,61,78.1
2011-04-29,52,75.9
2011-04-30,46,77
2011-05-01,54,75
2011-05-02,55.9,82.9
2011-05-03,63,84.9
2011-05-04,50,71.1
2011-05-05,42.1,68
2011-05-06,44.1,72
2011-05-07,53.1,73.9
2011-05-08,53.1,71.1
2011-05-09,50,80.1
2011-05-10,54,82
2011-05-11,57,79
2011-05-12,60.1,66
2011-05-13,62.1,79
2011-05-14,63,79
2011-05-15,63,80.1
2011-05-16,55.9,78.1
2011-05-17,57.9,72
2011-05-18,55,75
2011-05-19,53.1,78.1
2011-05-20,57,82
2011-05-21,55,84
2011-05-22,59,89.1
2011-05-23,66,91
2011-05-24,70,93
2011-05-25,64.9,93
2011-05-26,73,93
2011-05-27,64.9,82
2011-05-28,64.9,86
2011-05-29,70,89.1
2011-05-30,70,93.9
2011-05-31,70,95
2011-06-01,70,95
2011-06-02,70,95
2011-06-03,66,84.9
2011-06-04,55.9,89.1
2011-06-05,69.1,90
2011-06-06,69.1,90
2011-06-07,64,93
2011-06-08,72,97
2011-06-09,73.9,97
2011-06-10,72,96.1
2011-06-11,70,93.9
2011-06-12,66.9,93.9
2011-06-13,69.1,84.9
2011-06-14,64,84
2011-06-15,57.9,82.9
2011-06-16,68,91
2011-06-17,66.9,91.9
2011-06-18,68,95
2011-06-19,66,91.9
2011-06-20,69.1,93
2011-06-21,71.1,95
2011-06-22,72,96.1
2011-06-23,73.9,91.9
2011-06-24,72,96.1
2011-06-25,70,89.1
2011-06-26,68,93.9
2011-06-27,73,93
2011-06-28,72,99
2011-06-29,68,93
2011-06-30,66,91
2011-07-01,64.9,93
2011-07-02,66,95
2011-07-03,72,97
2011-07-04,70,99
2011-07-05,70,91.9
2011-07-06,73,89.1
2011-07-07,70,93.9
2011-07-08,73.9,91.9
2011-07-09,73,89.1
2011-07-10,69.1,91.9
2011-07-11,73.9,96.1
2011-07-12,78.1,100
2011-07-13,75.9,97
2011-07-14,69.1,87.1
2011-07-15,60.1,86
2011-07-16,63,89.1
2011-07-17,68,88
2011-07-18,68,93.9
2011-07-19,70,96.1
2011-07-20,75,100
2011-07-21,77,102
2011-07-22,78.1,102.9
2011-07-23,78.1,102.9
2011-07-24,79,100.9
2011-07-25,73.9,97
2011-07-26,73,93
2011-07-27,73,99
2011-07-28,75,102
2011-07-29,75,104
2011-07-30,75,100
2011-07-31,73,84.9
2011-08-01,71.1,93.9
2011-08-02,70,97
2011-08-03,73,98.1
2011-08-04,77,95
2011-08-05,75.9,89.1
2011-08-06,73,89.1
2011-08-07,75,96.1
2011-08-08,73,96.1
2011-08-09,73,93.9
2011-08-10,70,93.9
2011-08-11,71.1,89.1
2011-08-12,71.1,88
2011-08-13,71.1,82
2011-08-14,64.9,87.1
2011-08-15,64,84.9
2011-08-16,64,88
2011-08-17,64,89.1
2011-08-18,69.1,89.1
2011-08-19,69.1,91
2011-08-20,69.1,89.1
2011-08-21,71.1,91.9
2011-08-22,70,89.1
2011-08-23,66,84
2011-08-24,64.9,88
2011-08-25,72,91
2011-08-26,73.9,89.1
2011-08-27,72,78.1
2011-08-28,69.1,91.9
2011-08-29,66.9,90
2011-08-30,66,82
2011-08-31,62.1,82.9
2011-09-01,60.1,86
2011-09-02,66.9,86
2011-09-03,69.1,87.1
2011-09-04,69.1,88
2011-09-05,72,86
2011-09-06,73.9,88
2011-09-07,69.1,82.9
2011-09-08,63,84
2011-09-09,63,84.9
2011-09-10,64,87.1
2011-09-11,64.9,88
2011-09-12,66,87.1
2011-09-13,63,88
2011-09-14,66,89.1
2011-09-15,57.9,89.1
2011-09-16,55,60.1
2011-09-17,55,61
2011-09-18,57,70
2011-09-19,60.1,75
2011-09-20,64,78.1
2011-09-21,66.9,82.9
2011-09-22,70,82
2011-09-23,66,73.9
2011-09-24,66.9,78.1
2011-09-25,70,80.1
2011-09-26,68,84.9
2011-09-27,73,87.1
2011-09-28,66.9,82.9
2011-09-29,61,84
2011-09-30,55.9,84
2011-10-01,46.9,64
2011-10-02,45,62.1
2011-10-03,42.1,68
2011-10-04,44.1,72
2011-10-05,48.9,77
2011-10-06,50,75
2011-10-07,45,73.9
2011-10-08,46,73
2011-10-09,52,77
2011-10-10,55.9,75
2011-10-11,62.1,66.9
2011-10-12,63,78.1
2011-10-13,66,80.1
2011-10-14,53.1,73.9
2011-10-15,46.9,73.9
2011-10-16,44.1,77
2011-10-17,55,84.9
2011-10-18,59,82.9
2011-10-19,54,68
2011-10-20,45,62.1
2011-10-21,41,66
2011-10-22,43,66.9
2011-10-23,39.9,69.1
2011-10-24,43,72
2011-10-25,45,71.1
2011-10-26,45,75.9
2011-10-27,54,77
2011-10-28,43,63
2011-10-29,34,54
2011-10-30,30,57.9
2011-10-31,34,55.9
2011-11-01,37,61
2011-11-02,34,64
2011-11-03,36,66.9
2011-11-04,46.9,55
2011-11-05,37.9,55
2011-11-06,39.9,64.9
2011-11-07,37.9,71.1
2011-11-08,39.9,70
2011-11-09,39,71.1
2011-11-10,39.9,66.9
2011-11-11,33.1,53.1
2011-11-12,32,64.9
2011-11-13,39.9,66.9
2011-11-14,55.9,75.9
2011-11-15,62.1,78.1
2011-11-16,62.1,79
2011-11-17,34,62.1
2011-11-18,27,51.1
2011-11-19,28,63
2011-11-20,46,73.9
2011-11-21,60.1,77
2011-11-22,61,77
2011-11-23,48.9,73.9
2011-11-24,37.9,64
2011-11-25,35.1,70
2011-11-26,39,70
2011-11-27,51.1,75
2011-11-28,60.1,71.1
2011-11-29,39.9,66.9
2011-11-30,34,53.1
2011-12-01,28.9,55.9
2011-12-02,28.9,64
2011-12-03,35.1,57
2011-12-04,30.9,64
2011-12-05,45,71.1
2011-12-06,60.1,72
2011-12-07,44.1,70
2011-12-08,33.1,51.1
2011-12-09,32,55
2011-12-10,36,53.1
2011-12-11,30,46.9
2011-12-12,32,48
2011-12-13,30.9,63
2011-12-14,39,60.1
2011-12-15,43,68
2011-12-16,43,66
2011-12-17,30.9,48.9
2011-12-18,27,48.9
2011-12-19,28,57.9
2011-12-20,39.9,62.1
2011-12-21,55,64.9
2011-12-22,61,68
2011-12-23,45,68
2011-12-24,36,52
2011-12-25,34,52
2011-12-26,34,54
2011-12-27,42.1,64
2011-12-28,37.9,53.1
2011-12-29,26.1,55.9
2011-12-30,36,62.1
2011-12-31,39.9,64.9
2012-01-01,35.1,68
2012-01-02,32,55
2012-01-03,24.1,35.1
2012-01-04,19,44.1
2012-01-05,30,55
2012-01-06,33.1,66
2012-01-07,39,72
2012-01-08,48,59
2012-01-09,43,48.9
2012-01-10,43,55.9
2012-01-11,44.1,60.1
2012-01-12,44.1,59
2012-01-13,30,55
2012-01-14,23,46
2012-01-15,30,44.1
2012-01-16,27,46.9
2012-01-17,42.1,64.9
2012-01-18,36,57
2012-01-19,27,48.9
2012-01-20,33.1,57
2012-01-21,36,57.9
2012-01-22,32,37
2012-01-23,36,53.1
2012-01-24,43,64
2012-01-25,34,64
2012-01-26,39.9,69.1
2012-01-27,46,69.1
2012-01-28,32,62.1
2012-01-29,32,53.1
2012-01-30,28,60.1
2012-01-31,36,68
2012-02-01,46.9,70
2012-02-02,48.9,69.1
2012-02-03,34,57.9
2012-02-04,37.9,55
2012-02-05,32,50
2012-02-06,30.9,48.9
2012-02-07,32,57
2012-02-08,28.9,51.1
2012-02-09,28,51.1
2012-02-10,28.9,50
2012-02-11,25,48
2012-02-12,21,42.1
2012-02-13,21.9,52
2012-02-14,39,60.1
2012-02-15,41,64
2012-02-16,42.1,57.9
2012-02-17,42.1,63
2012-02-18,39.9,64.9
2012-02-19,33.1,54
2012-02-20,30,48.9
2012-02-21,28,57.9
2012-02-22,41,70
2012-02-23,45,73.9
2012-02-24,50,78.1
2012-02-25,36,53.1
2012-02-26,25,54
2012-02-27,33.1,48.9
2012-02-28,41,66
2012-02-29,48,71.1
2012-03-01,52,80.1
2012-03-02,44.1,61
2012-03-03,51.1,64.9
2012-03-04,34,54
2012-03-05,32,52
2012-03-06,27,54
2012-03-07,34,70
2012-03-08,48,75
2012-03-09,39.9,61
2012-03-10,39,57
2012-03-11,30.9,64
2012-03-12,42.1,73
2012-03-13,57,78.1
2012-03-14,54,84
2012-03-15,54,84
2012-03-16,57.9,80.1
2012-03-17,57.9,79
2012-03-18,57.9,70
2012-03-19,53.1,77
2012-03-20,57.9,81
2012-03-21,60.1,75
2012-03-22,59,80.1
2012-03-23,60.1,82.9
2012-03-24,55.9,71.1
2012-03-25,55.9,68
2012-03-26,53.1,77
2012-03-27,39,62.1
2012-03-28,44.1,78.1
2012-03-29,55.9,82.9
2012-03-30,48.9,77
2012-03-31,59,75.9
2012-04-01,48.9,69.1
2012-04-02,48.9,73
2012-04-03,42.1,77
2012-04-04,57,84.9
2012-04-05,46.9,63
2012-04-06,39.9,63
2012-04-07,37,68
2012-04-08,37.9,75.9
2012-04-09,45,73.9
2012-04-10,46,73.9
2012-04-11,43,57.9
2012-04-12,32,63
2012-04-13,36,69.1
2012-04-14,42.1,75.9
2012-04-15,57.9,81
2012-04-16,60.1,84
2012-04-17,60.1,86
2012-04-18,55,69.1
2012-04-19,52,63
2012-04-20,51.1,73
2012-04-21,55,80.1
2012-04-22,48,62.1
2012-04-23,39.9,51.1
2012-04-24,36,64
2012-04-25,39.9,68
2012-04-26,55.9,77
2012-04-27,59,77
2012-04-28,54,62.1
2012-04-29,55,77
2012-04-30,61,80.1
2012-05-01,66.9,86
2012-05-02,66.9,91
2012-05-03,64,91
2012-05-04,62.1,90
2012-05-05,64,84
2012-05-06,61,73
2012-05-07,57.9,78.1
2012-05-08,61,80.1
2012-05-09,57.9,77
2012-05-10,51.1,72
2012-05-11,46.9,73.9
2012-05-12,46.9,77
2012-05-13,60.1,75
2012-05-14,63,75
2012-05-15,64.9,82.9
2012-05-16,66,82.9
2012-05-17,61,81
2012-05-18,59,77
2012-05-19,54,77
2012-05-20,52,82
2012-05-21,66,82
2012-05-22,62.1,86
2012-05-23,64,84
2012-05-24,64.9,86
2012-05-25,62.1,88
2012-05-26,66,86
2012-05-27,66,86
2012-05-28,72,90
2012-05-29,72,89.1
2012-05-30,64,82
2012-05-31,64,90
2012-06-01,64.9,88
2012-06-02,55.9,75.9
2012-06-03,52,81
2012-06-04,61,82.9
2012-06-05,57,75.9
2012-06-06,57,73.9
2012-06-07,54,81
2012-06-08,57,84
2012-06-09,57,89.1
2012-06-10,64.9,89.1
2012-06-11,71.1,84
2012-06-12,68,82.9
2012-06-13,63,84
2012-06-14,57,79
2012-06-15,59,80.1
2012-06-16,53.1,80.1
2012-06-17,54,81
2012-06-18,63,86
2012-06-19,66.9,91.9
2012-06-20,69.1,93.9
2012-06-21,71.1,96.1
2012-06-22,71.1,95
2012-06-23,70,89.1
2012-06-24,68,91.9
2012-06-25,72,93
2012-06-26,61,81
2012-06-27,55,87.1
2012-06-28,60.1,97
2012-06-29,71.1,105.1
2012-06-30,70,105.1
2012-07-01,75,102.9
2012-07-02,73.9,93.9
2012-07-03,72,100.9
2012-07-04,73,100.9
2012-07-05,72,100.9
2012-07-06,71.1,100
2012-07-07,72,102
2012-07-08,75.9,105.1
2012-07-09,73,96.1
2012-07-10,73,86
2012-07-11,68,80.1
2012-07-12,69.1,82.9
2012-07-13,72,88
2012-07-14,73.9,91.9
2012-07-15,73.9,93.9
2012-07-16,73.9,96.1
2012-07-17,71.1,98.1
2012-07-18,75,98.1
2012-07-19,75.9,99
2012-07-20,73.9,95
2012-07-21,71.1,93
2012-07-22,72,88
2012-07-23,72,96.1
2012-07-24,73,96.1
2012-07-25,70,90
2012-07-26,75.9,98.1
2012-07-27,73.9,99
2012-07-28,68,95
2012-07-29,66.9,91.9
2012-07-30,71.1,89.1
2012-07-31,71.1,88
2012-08-01,72,90
2012-08-02,72,93
2012-08-03,70,93
2012-08-04,75,91.9
2012-08-05,73.9,91.9
2012-08-06,73.9,93
2012-08-07,73.9,87.1
2012-08-08,69.1,89.1
2012-08-09,66,89.1
2012-08-10,72,87.1
2012-08-11,72,88
2012-08-12,71.1,87.1
2012-08-13,66.9,90
2012-08-14,66,91
2012-08-15,71.1,88
2012-08-16,69.1,89.1
2012-08-17,64.9,91.9
2012-08-18,66.9,86
2012-08-19,69.1,75
2012-08-20,66.9,81
2012-08-21,69.1,82
2012-08-22,69.1,81
2012-08-23,66.9,84
2012-08-24,68,77
2012-08-25,63,72
2012-08-26,64.9,84
2012-08-27,70,88
2012-08-28,73,87.1
2012-08-29,70,86
2012-08-30,68,89.1
2012-08-31,71.1,91.9
2012-09-01,73,91.9
2012-09-02,72,88
2012-09-03,71.1,89.1
2012-09-04,73,89.1
2012-09-05,73.9,88
2012-09-06,72,90
2012-09-07,71.1,84.9
2012-09-08,69.1,90
2012-09-09,60.1,79
2012-09-10,55,78.1
2012-09-11,55,78.1
2012-09-12,53.1,79
2012-09-13,55,80.1
2012-09-14,63,80.1
2012-09-15,61,80.1
2012-09-16,59,64.9
2012-09-17,62.1,82
2012-09-18,68,81
2012-09-19,57,72
2012-09-20,53.1,75.9
2012-09-21,55,82
2012-09-22,63,84.9
2012-09-23,53.1,75
2012-09-24,51.1,72
2012-09-25,48,77
2012-09-26,54,82.9
2012-09-27,59,84.9
2012-09-28,62.1,84.9
2012-09-29,60.1,68
2012-09-30,57.9,73
2012-10-01,61,66.9
2012-10-02,66.9,88
2012-10-03,72,86
2012-10-04,64,79
2012-10-05,57,82
2012-10-06,57.9,84
2012-10-07,50,64.9
2012-10-08,46.9,52
2012-10-09,48,57
2012-10-10,54,72
2012-10-11,46,68
2012-10-12,44.1,73
2012-10-13,42.1,66.9
2012-10-14,44.1,78.1
2012-10-15,55.9,73
2012-10-16,44.1,70
2012-10-17,46,72
2012-10-18,48,79
2012-10-19,53.1,78.1
2012-10-20,46,72
2012-10-21,41,68
2012-10-22,42.1,73.9
2012-10-23,46,80.1
2012-10-24,51.1,82
2012-10-25,50,80.1
2012-10-26,57,72
2012-10-27,62.1,66
2012-10-28,51.1,64
2012-10-29,42.1,51.1
2012-10-30,42.1,51.1
2012-10-31,37,55.9
2012-11-01,37.9,57.9
2012-11-02,34,64.9
2012-11-03,34,61
2012-11-04,42.1,55
2012-11-05,37,55
2012-11-06,33.1,46.9
2012-11-07,35.1,54
2012-11-08,34,61
2012-11-09,30.9,64.9
2012-11-10,36,73.9
2012-11-11,39,75
2012-11-12,52,73.9
2012-11-13,39.9,64.9
2012-11-14,33.1,51.1
2012-11-15,37,46
2012-11-16,39,55
2012-11-17,34,55.9
2012-11-18,45,55.9
2012-11-19,46.9,59
2012-11-20,42.1,59
2012-11-21,36,59
2012-11-22,34,61
2012-11-23,28.9,66.9
2012-11-24,32,55
2012-11-25,23,51.1
2012-11-26,30.9,66.9
2012-11-27,42.1,57.9
2012-11-28,28.9,53.1
2012-11-29,25,55
2012-11-30,30.9,63
2012-12-01,34,64.9
2012-12-02,39,69.1
2012-12-03,53.1,75.9
2012-12-04,48.9,71.1
2012-12-05,44.1,64.9
2012-12-06,37,51.1
2012-12-07,45,55.9
2012-12-08,50,66
2012-12-09,51.1,72
2012-12-10,63,72
2012-12-11,50,64.9
2012-12-12,39,50
2012-12-13,33.1,51.1
2012-12-14,27,57.9
2012-12-15,32,57.9
2012-12-16,48,57.9
2012-12-17,55,62.1
2012-12-18,39,62.1
2012-12-19,33.1,64.9
2012-12-20,39.9,62.1
2012-12-21,37,57.9
2012-12-22,32,50
2012-12-23,25,55
2012-12-24,44.1,53.1
2012-12-25,44.1,60.1
2012-12-26,37,48.9
2012-12-27,34,50
2012-12-28,27,45
2012-12-29,37.9,52
2012-12-30,28,46
2012-12-31,25,53.1
2013-01-01,43,50
2013-01-02,39.9,48.9
2013-01-03,28.9,45
2013-01-04,26.1,51.1
2013-01-05,25,48.9
2013-01-06,35.1,50
2013-01-07,28.9,52
2013-01-08,28,55.9
2013-01-09,35.1,68
2013-01-10,46,64.9
2013-01-11,41,51.1
2013-01-12,48.9,71.1
2013-01-13,55,75
2013-01-14,57.9,69.1
2013-01-15,44.1,60.1
2013-01-16,42.1,50
2013-01-17,33.1,51.1
2013-01-18,28.9,46
2013-01-19,26.1,54
2013-01-20,35.1,63
2013-01-21,28.9,59
2013-01-22,25,43
2013-01-23,18,42.1
2013-01-24,21,36
2013-01-25,19.9,28
2013-01-26,27,37.9
2013-01-27,21.9,41
2013-01-28,32,51.1
2013-01-29,44.1,73
2013-01-30,61,72
2013-01-31,33.1,63
2013-02-01,26.1,39.9
2013-02-02,19,45
2013-02-03,35.1,50
2013-02-04,26.1,48.9
2013-02-05,39,60.1
2013-02-06,30,62.1
2013-02-07,36,48
2013-02-08,39,55
2013-02-09,28,52
2013-02-10,25,53.1
2013-02-11,45,63
2013-02-12,46.9,60.1
2013-02-13,42.1,50
2013-02-14,30.9,52
2013-02-15,28.9,61
2013-02-16,32,46.9
2013-02-17,24.1,37
2013-02-18,18,52
2013-02-19,35.1,51.1
2013-02-20,27,52
2013-02-21,25,54
2013-02-22,32,42.1
2013-02-23,36,44.1
2013-02-24,39.9,62.1
2013-02-25,32,42.1
2013-02-26,36,57.9
2013-02-27,43,59
2013-02-28,33.1,50
2013-03-01,28,48.9
2013-03-02,26.1,48
2013-03-03,27,46
2013-03-04,26.1,50
2013-03-05,35.1,50
2013-03-06,37,46
2013-03-07,30,51.1
2013-03-08,30.9,55
2013-03-09,33.1,62.1
2013-03-10,32,66.9
2013-03-11,39,70
2013-03-12,48,69.1
2013-03-13,34,57.9
2013-03-14,28.9,53.1
2013-03-15,28,62.1
2013-03-16,46,78.1
2013-03-17,39,61
2013-03-18,37.9,43
2013-03-19,39.9,66.9
2013-03-20,37.9,55
2013-03-21,30.9,46
2013-03-22,23,52
2013-03-23,35.1,55
2013-03-24,34,43
2013-03-25,35.1,48
2013-03-26,32,50
2013-03-27,34,52
2013-03-28,28,55.9
2013-03-29,28,57.9
2013-03-30,37.9,66
2013-03-31,48,68
2013-04-01,48.9,71.1
2013-04-02,35.1,60.1
2013-04-03,39,60.1
2013-04-04,39,48
2013-04-05,39,63
2013-04-06,39,64
2013-04-07,36,71.1
2013-04-08,52,78.1
2013-04-09,57,82.9
2013-04-10,60.1,84.9
2013-04-11,62.1,81
2013-04-12,63,80.1
2013-04-13,52,73.9
2013-04-14,44.1,79
2013-04-15,57.9,71.1
2013-04-16,57.9,75.9
2013-04-17,57.9,80.1
2013-04-18,62.1,79
2013-04-19,64,84
2013-04-20,44.1,64
2013-04-21,41,61
2013-04-22,35.1,61
2013-04-23,46.9,66.9
2013-04-24,48.9,77
2013-04-25,50,71.1
2013-04-26,46,71.1
2013-04-27,53.1,72
2013-04-28,55,62.1
2013-04-29,55,72
2013-04-30,57,66
2013-05-01,57,62.1
2013-05-02,52,64.9
2013-05-03,48,69.1
2013-05-04,48.9,64
2013-05-05,50,60.1
2013-05-06,55.9,68
2013-05-07,50,71.1
2013-05-08,52,72
2013-05-09,54,80.1
2013-05-10,55.9,84
2013-05-11,64.9,81
2013-05-12,52,72
2013-05-13,44.1,64.9
2013-05-14,39,70
2013-05-15,55,86
2013-05-16,62.1,84
2013-05-17,61,86
2013-05-18,62.1,78.1
2013-05-19,64,78.1
2013-05-20,66.9,75
2013-05-21,69.1,84.9
2013-05-22,69.1,82.9
2013-05-23,64.9,82
2013-05-24,52,70
2013-05-25,41,73
2013-05-26,48,73
2013-05-27,48.9,80.1
2013-05-28,64,84.9
2013-05-29,63,84.9
2013-05-30,64,86
2013-05-31,66,87.1
2013-06-01,66.9,89.1
2013-06-02,68,87.1
2013-06-03,64,82.9
2013-06-04,64,79
2013-06-05,64,82
2013-06-06,66,77
2013-06-07,68,75.9
2013-06-08,66,84
2013-06-09,66.9,87.1
2013-06-10,70,84.9
2013-06-11,70,86
2013-06-12,64,90
2013-06-13,68,93.9
2013-06-14,59,80.1
2013-06-15,57,84.9
2013-06-16,62.1,87.1
2013-06-17,71.1,87.1
2013-06-18,69.1,84.9
2013-06-19,64.9,80.1
2013-06-20,63,82
2013-06-21,55,82.9
2013-06-22,69.1,82
2013-06-23,66.9,86
2013-06-24,71.1,89.1
2013-06-25,70,91.9
2013-06-26,69.1,91.9
2013-06-27,66.9,89.1
2013-06-28,69.1,91.9
2013-06-29,68,86
2013-06-30,68,87.1
2013-07-01,69.1,82.9
2013-07-02,72,77
2013-07-03,73,84.9
2013-07-04,73,88
2013-07-05,72,89.1
2013-07-06,73,88
2013-07-07,70,89.1
2013-07-08,72,90
2013-07-09,72,89.1
2013-07-10,73,89.1
2013-07-11,72,84
2013-07-12,70,77
2013-07-13,70,78.1
2013-07-14,70,88
2013-07-15,69.1,90
2013-07-16,69.1,93.9
2013-07-17,73.9,93
2013-07-18,73,93
2013-07-19,75,91.9
2013-07-20,73.9,90
2013-07-21,73,89.1
2013-07-22,72,91
2013-07-23,73.9,91
2013-07-24,71.1,96.1
2013-07-25,66,80.1
2013-07-26,62.1,86
2013-07-27,68,88
2013-07-28,69.1,90
2013-07-29,69.1,87.1
2013-07-30,62.1,87.1
2013-07-31,70,82.9
2013-08-01,70,87.1
2013-08-02,66.9,89.1
2013-08-03,70,91
2013-08-04,66,84
2013-08-05,64,82
2013-08-06,66.9,84
2013-08-07,70,87.1
2013-08-08,72,91
2013-08-09,73.9,91.9
2013-08-10,73,93.9
2013-08-11,71.1,91.9
2013-08-12,73,91.9
2013-08-13,71.1,90
2013-08-14,61,75
2013-08-15,59,75.9
2013-08-16,59,71.1
2013-08-17,64,73
2013-08-18,66.9,81
2013-08-19,66.9,75
2013-08-20,68,82.9
2013-08-21,70,88
2013-08-22,70,89.1
2013-08-23,66.9,88
2013-08-24,64.9,82.9
2013-08-25,60.1,80.1
2013-08-26,55,82.9
2013-08-27,62.1,89.1
2013-08-28,70,82.9
2013-08-29,72,87.1
2013-08-30,64.9,88
2013-08-31,68,90
2013-09-01,71.1,91
2013-09-02,70,88
2013-09-03,71.1,89.1
2013-09-04,68,84.9
2013-09-05,64.9,87.1
2013-09-06,64,82
2013-09-07,59,82
2013-09-08,63,88
2013-09-09,64,87.1
2013-09-10,68,91
2013-09-11,68,91
2013-09-12,70,90
2013-09-13,64.9,84.9
2013-09-14,57.9,75.9
2013-09-15,53.1,80.1
2013-09-16,66,86
2013-09-17,57.9,75.9
2013-09-18,51.1,73.9
2013-09-19,54,78.1
2013-09-20,62.1,72
2013-09-21,66,75.9
2013-09-22,57,77
2013-09-23,54,73
2013-09-24,53.1,75.9
2013-09-25,53.1,75
2013-09-26,57,77
2013-09-27,52,73.9
2013-09-28,50,73
2013-09-29,52,75
2013-09-30,51.1,75.9
2013-10-01,51.1,82
2013-10-02,57,84.9
2013-10-03,59,86
2013-10-04,62.1,86
2013-10-05,61,89.1
2013-10-06,63,84.9
2013-10-07,63,73.9
2013-10-08,57.9,63
2013-10-09,54,62.1
2013-10-10,53.1,61
2013-10-11,59,66
2013-10-12,61,69.1
2013-10-13,62.1,66.9
2013-10-14,55.9,64.9
2013-10-15,54,71.1
2013-10-16,61,70
2013-10-17,60.1,77
2013-10-18,55.9,69.1
2013-10-19,57.9,70
2013-10-20,43,64.9
2013-10-21,39,68
2013-10-22,51.1,64
2013-10-23,46,66.9
2013-10-24,35.1,59
2013-10-25,33.1,55.9
2013-10-26,29.1,59
2013-10-27,39.9,69.1
2013-10-28,45,69.1
2013-10-29,50,73
2013-10-30,55,72
2013-10-31,57.9,75.9
2013-11-01,60.1,73
2013-11-02,50,71.1
2013-11-03,39.9,63
2013-11-04,35.1,55
2013-11-05,37,57
2013-11-06,44.1,71.1
2013-11-07,46,70
2013-11-08,33.1,57.9
2013-11-09,30.2,59
2013-11-10,37.9,72
2013-11-11,32,59
2013-11-12,35.1,61
2013-11-13,26.2,45
2013-11-14,25.2,57
2013-11-15,30.2,60.1
2013-11-16,50,69.1
2013-11-17,52,71.1
2013-11-18,54,75
2013-11-19,41,55.9
2013-11-20,37,52
2013-11-21,41,62.1
2013-11-22,46.9,71.1
2013-11-23,43,61
2013-11-24,23.2,43
2013-11-25,18.1,43
2013-11-26,37,66
2013-11-27,30.2,50
2013-11-28,23.2,45
2013-11-29,24.3,50
2013-11-30,27.1,48
2013-12-01,27.1,59
2013-12-02,36,60.1
2013-12-03,33.1,57.9
2013-12-04,53.1,64
2013-12-05,55,66.9
2013-12-06,64.9,79
2013-12-07,42.1,69.1
2013-12-08,33.1,42.1
2013-12-09,34,46
2013-12-10,28.2,48
2013-12-11,24.3,48.9
2013-12-12,25.2,44.1
2013-12-13,23.2,52
2013-12-14,37.9,46.9
2013-12-15,34,54
2013-12-16,28.2,54
2013-12-17,35.1,60.1
2013-12-18,31.1,48.9
2013-12-19,30.2,62.1
2013-12-20,43,66.9
2013-12-21,50,73.9
2013-12-22,64,78.1
2013-12-23,46.9,68
2013-12-24,29.1,46.9
2013-12-25,23.2,39.9
2013-12-26,24.3,53.1
2013-12-27,26.2,52
2013-12-28,25.2,59
2013-12-29,43,63
2013-12-30,35.1,53.1
2013-12-31,32,51.1
2014-01-01,29.1,51.1
2014-01-02,37,48.9
2014-01-03,22.1,43
2014-01-04,19.2,37.9
2014-01-05,37,62.1
2014-01-06,16.2,61
2014-01-07,9.1,25.2
2014-01-08,15.3,43
2014-01-09,25.2,54
2014-01-10,39,45
2014-01-11,45,69.1
2014-01-12,39,57.9
2014-01-13,33.1,62.1
2014-01-14,37.9,54
2014-01-15,33.1,59
2014-01-16,32,44.1
2014-01-17,29.1,55.9
2014-01-18,27.1,46.9
2014-01-19,30.2,54
2014-01-20,30.2,64
2014-01-21,26.2,51.1
2014-01-22,18.1,30.2
2014-01-23,16.2,37.9
2014-01-24,11.1,27.1
2014-01-25,18.1,39.9
2014-01-26,22.1,52
2014-01-27,33.1,64.9
2014-01-28,18.1,33.1
2014-01-29,14.2,27.1
2014-01-30,7.2,37.9
2014-01-31,15.3,53.1
2014-02-01,24.3,59
2014-02-02,41,64
2014-02-03,39.9,64
2014-02-04,37.9,39.9
2014-02-05,37.9,53.1
2014-02-06,31.1,42.1
2014-02-07,35.1,52
2014-02-08,34,50
2014-02-09,29.1,55
2014-02-10,35.1,43
2014-02-11,25.2,35.1
2014-02-12,23.2,30.2
2014-02-13,30.2,36
2014-02-14,27.1,55.9
2014-02-15,32,45
2014-02-16,29.1,53.1
2014-02-17,28.2,45
2014-02-18,35.1,64.9
2014-02-19,48.9,72
2014-02-20,52,72
2014-02-21,41,73
2014-02-22,36,64
2014-02-23,34,66.9
2014-02-24,37.9,60.1
2014-02-25,29.1,53.1
2014-02-26,32,48.9
2014-02-27,24.3,55
2014-02-28,26.2,45
2014-03-01,28.2,55
2014-03-02,34,71.1
2014-03-03,20.1,61
2014-03-04,16.2,37.9
2014-03-05,30.2,44.1
2014-03-06,30.2,42.1
2014-03-07,33.1,36
2014-03-08,27.1,68
2014-03-09,39,66
2014-03-10,34,73.9
2014-03-11,44.1,79
2014-03-12,42.1,70
2014-03-13,29.1,45
2014-03-14,24.3,60.1
2014-03-15,46,72
2014-03-16,36,55.9
2014-03-17,31.1,36
2014-03-18,30.2,37
2014-03-19,35.1,46.9
2014-03-20,39,66
2014-03-21,32,69.1
2014-03-22,46,75.9
2014-03-23,36,57
2014-03-24,30.2,50
2014-03-25,33.1,45
2014-03-26,29.1,46.9
2014-03-27,24.3,59
2014-03-28,44.1,69.1
2014-03-29,55.9,66
2014-03-30,42.1,62.1
2014-03-31,36,72
2014-04-01,39,80.1
2014-04-02,52,86
2014-04-03,50,78.1
2014-04-04,57,82
2014-04-05,53.1,71.1
2014-04-06,44.1,60.1
2014-04-07,43,64
2014-04-08,55,66.9
2014-04-09,45,68
2014-04-10,39.9,73.9
2014-04-11,52,78.1
2014-04-12,54,81
2014-04-13,59,81
2014-04-14,63,75.9
2014-04-15,39,71.1
2014-04-16,33.1,54
2014-04-17,31.1,64
2014-04-18,37.9,63
2014-04-19,46,53.1
2014-04-20,48.9,68
2014-04-21,42.1,73.9
2014-04-22,46.9,82.9
2014-04-23,50,71.1
2014-04-24,39.9,71.1
2014-04-25,48.9,80.1
2014-04-26,48.9,79
2014-04-27,51.1,84
2014-04-28,54,66.9
2014-04-29,52,64.9
2014-04-30,64.9,77
2014-05-01,62.1,79
2014-05-02,51.1,69.1
2014-05-03,53.1,75.9
2014-05-04,48.9,82.9
2014-05-05,55,73
2014-05-06,55.9,84
2014-05-07,59,78.1
2014-05-08,55,89.1
2014-05-09,63,89.1
2014-05-10,64,86
2014-05-11,60.1,86
2014-05-12,57.9,90
2014-05-13,66.9,91.9
2014-05-14,68,89.1
2014-05-15,66.9,79
2014-05-16,55,73
2014-05-17,46.9,71.1
2014-05-18,46,68
2014-05-19,45,73
2014-05-20,50,79
2014-05-21,60.1,87.1
2014-05-22,64,88
2014-05-23,63,82
2014-05-24,53.1,79
2014-05-25,54,82
2014-05-26,61,87.1
2014-05-27,66,90
2014-05-28,64,90
2014-05-29,64.9,75.9
2014-05-30,63,73.9
2014-05-31,63,82
2014-06-01,53.1,78.1
2014-06-02,52,82.9
2014-06-03,57,89.1
2014-06-04,64.9,91.9
2014-06-05,72,91
2014-06-06,68,82.9
2014-06-07,62.1,84.9
2014-06-08,64.9,87.1
2014-06-09,69.1,90
2014-06-10,68,93.9
2014-06-11,68,93.9
2014-06-12,69.1,84.9
2014-06-13,66.9,88
2014-06-14,60.1,86
2014-06-15,57.9,87.1
2014-06-16,69.1,95
2014-06-17,70,96.1
2014-06-18,70,97
2014-06-19,70,97
2014-06-20,68,91
2014-06-21,68,91
2014-06-22,68,84
2014-06-23,64.9,84.9
2014-06-24,64.9,86
2014-06-25,73,93
2014-06-26,69.1,93
2014-06-27,70,84.9
2014-06-28,69.1,84.9
2014-06-29,60.1,84.9
2014-06-30,66,90
2014-07-01,73.9,93
2014-07-02,75.9,97
2014-07-03,73.9,90
2014-07-04,71.1,88
2014-07-05,61,82.9
2014-07-06,61,90
2014-07-07,66.9,96.1
2014-07-08,73.9,98.1
2014-07-09,73.9,96.1
2014-07-10,71.1,88
2014-07-11,69.1,86
2014-07-12,66,90
2014-07-13,71.1,93.9
2014-07-14,75,98.1
2014-07-15,70,93.9
2014-07-16,64,80.1
2014-07-17,60.1,84
2014-07-18,64,86
2014-07-19,66,82
2014-07-20,68,81
2014-07-21,73,79
2014-07-22,72,84.9
2014-07-23,71.1,91.9
2014-07-24,68,88
2014-07-25,66,82.9
2014-07-26,69.1,90
2014-07-27,72,87.1
2014-07-28,70,88
2014-07-29,63,82
2014-07-30,63,81
2014-07-31,66,82
2014-08-01,64.9,75.9
2014-08-02,64,70
2014-08-03,66.9,80.1
2014-08-04,68,84.9
2014-08-05,68,88
2014-08-06,70,90
2014-08-07,69.1,86
2014-08-08,69.1,81
2014-08-09,64,73.9
2014-08-10,66,81
2014-08-11,70,84
2014-08-12,70,87.1
2014-08-13,66.9,82
2014-08-14,57.9,82.9
2014-08-15,61,86
2014-08-16,68,89.1
2014-08-17,70,89.1
2014-08-18,70,88
2014-08-19,69.1,86
2014-08-20,70,90
2014-08-21,71.1,91
2014-08-22,71.1,91.9
2014-08-23,72,84
2014-08-24,63,81
2014-08-25,60.1,79
2014-08-26,60.1,82
2014-08-27,57.9,86
2014-08-28,64.9,91.9
2014-08-29,72,82
2014-08-30,72,89.1
2014-08-31,73,91
2014-09-01,73,93
2014-09-02,71.1,96.1
2014-09-03,71.1,93
2014-09-04,71.1,90
2014-09-05,71.1,91
2014-09-06,71.1,91
2014-09-07,70,78.1
2014-09-08,68,73
2014-09-09,66,75.9
2014-09-10,68,81
2014-09-11,66.9,88
2014-09-12,70,80.1
2014-09-13,69.1,80.1
2014-09-14,62.1,71.1
2014-09-15,63,75
2014-09-16,66.9,82.9
2014-09-17,66,79
2014-09-18,59,81
2014-09-19,63,80.1
2014-09-20,57.9,81
2014-09-21,63,87.1
2014-09-22,61,75.9
2014-09-23,55,64
2014-09-24,55,64
2014-09-25,63,68
2014-09-26,59,75.9
2014-09-27,55,75.9
2014-09-28,54,79
2014-09-29,64,73
2014-09-30,59,75
2014-10-01,55.9,79
2014-10-02,59,84
2014-10-03,64.9,84.9
2014-10-04,46.9,73
2014-10-05,41,66
2014-10-06,45,75.9
2014-10-07,55,80.1
2014-10-08,60.1,82.9
2014-10-09,51.1,79
2014-10-10,57.9,84
2014-10-11,57.9,86
2014-10-12,57,62.1
2014-10-13,60.1,81
2014-10-14,70,79
2014-10-15,57,75
2014-10-16,53.1,72
2014-10-17,48.9,73.9
2014-10-18,53.1,75
2014-10-19,44.1,64.9
2014-10-20,41,71.1
2014-10-21,51.1,73.9
2014-10-22,48,66.9
2014-10-23,42.1,70
2014-10-24,43,70
2014-10-25,39,71.1
2014-10-26,45,75.9
2014-10-27,39.9,75.9
2014-10-28,50,84
2014-10-29,55,78.1
2014-10-30,46.9,66.9
2014-10-31,42.1,62.1
2014-11-01,45,51.1
2014-11-02,37,53.1
2014-11-03,29.1,64
2014-11-04,39.9,66
2014-11-05,46.9,71.1
2014-11-06,50,68
2014-11-07,37.9,60.1
2014-11-08,31.1,60.1
2014-11-09,39.9,60.1
2014-11-10,35.1,66
2014-11-11,45,72
2014-11-12,50,75.9
2014-11-13,44.1,59
2014-11-14,29.1,44.1
2014-11-15,25.2,46
2014-11-16,27.1,48.9
2014-11-17,43,66.9
2014-11-18,23.2,43
2014-11-19,19.2,43
2014-11-20,28.2,59
2014-11-21,26.2,48
2014-11-22,22.1,54
2014-11-23,34,66
2014-11-24,60.1,72
2014-11-25,48,64.9
2014-11-26,35.1,50
2014-11-27,35.1,46.9
2014-11-28,26.2,45
2014-11-29,27.1,54
2014-11-30,36,66
2014-12-01,44.1,73.9
2014-12-02,46,55
2014-12-03,44.1,57
2014-12-04,39.9,54
2014-12-05,39.9,52
2014-12-06,46,55.9
2014-12-07,35.1,53.1
2014-12-08,34,45
2014-12-09,35.1,45
2014-12-10,31.1,50
2014-12-11,26.2,48
2014-12-12,26.2,57
2014-12-13,28.2,60.1
2014-12-14,29.1,57.9
2014-12-15,30.2,60.1
2014-12-16,37,52
2014-12-17,39,60.1
2014-12-18,31.1,51.1
2014-12-19,36,52
2014-12-20,31.1,39
2014-12-21,37.9,50
2014-12-22,36,41
2014-12-23,37,46.9
2014-12-24,46,66
2014-12-25,35.1,64
2014-12-26,30.2,57.9
2014-12-27,31.1,62.1
2014-12-28,48,61
2014-12-29,41,55
2014-12-30,28.2,41
2014-12-31,26.2,46
2015-01-01,23.2,51.1
2015-01-02,41,54
2015-01-03,46,51.1
2015-01-04,48.9,69.1
2015-01-05,32,55.9
2015-01-06,26.2,55
2015-01-07,16.2,39
2015-01-08,11.1,27.1
2015-01-09,22.1,45
2015-01-10,22.1,39
2015-01-11,17.2,48.9
2015-01-12,36,48
2015-01-13,31.1,44.1
2015-01-14,28.2,33.1
2015-01-15,31.1,41
2015-01-16,30.2,53.1
2015-01-17,27.1,51.1
2015-01-18,41,60.1
2015-01-19,31.1,63
2015-01-20,39,66.9
2015-01-21,36,54
2015-01-22,30.2,59
2015-01-23,35.1,41
2015-01-24,35.1,48.9
2015-01-25,29.1,55
2015-01-26,37.9,50
2015-01-27,30.2,44.1
2015-01-28,25.2,46
2015-01-29,23.2,46.9
2015-01-30,29.1,48
2015-01-31,22.1,48
2015-02-01,32,57
2015-02-02,29.1,62.1
2015-02-03,22.1,45
2015-02-04,25.2,54
2015-02-05,27.1,50
2015-02-06,17.2,42.1
2015-02-07,26.2,60.1
2015-02-08,39,72
2015-02-09,45,62.1
2015-02-10,36,45
2015-02-11,30.2,51.1
2015-02-12,29.1,54
2015-02-13,23.2,35.1
2015-02-14,22.1,53.1
2015-02-15,15.3,29.1
2015-02-16,19.2,27.1
2015-02-17,19.2,35.1
2015-02-18,19.2,39.9
2015-02-19,12.2,23.2
2015-02-20,7.2,26.2
2015-02-21,18.1,39.9
2015-02-22,34,57
2015-02-23,30.2,46.9
2015-02-24,19.2,30.2
2015-02-25,18.1,46
2015-02-26,28.2,35.1
2015-02-27,23.2,45
2015-02-28,26.2,37
2015-03-01,28.2,35.1
2015-03-02,34,61
2015-03-03,35.1,43
2015-03-04,37.9,75
2015-03-05,32,66
2015-03-06,24.3,37
2015-03-07,20.1,57.9
2015-03-08,35.1,71.1
2015-03-09,48,64.9
2015-03-10,50,75
2015-03-11,59,75.9
2015-03-12,48.9,66
2015-03-13,42.1,53.1
2015-03-14,45,62.1
2015-03-15,48,73
2015-03-16,41,80.1
2015-03-17,46.9,82
2015-03-18,39,60.1
2015-03-19,39.9,54
2015-03-20,39.9,51.1
2015-03-21,39.9,64.9
2015-03-22,46.9,66
2015-03-23,43,57.9
2015-03-24,36,66.9
2015-03-25,46.9,66.9
2015-03-26,57,75
2015-03-27,39.9,66
2015-03-28,32,46
2015-03-29,22.1,52
2015-03-30,41,66
2015-03-31,35.1,73.9
2015-04-01,46.9,66
2015-04-02,39,73.9
2015-04-03,61,82.9
2015-04-04,43,73
2015-04-05,33.1,68
2015-04-06,52,75.9
2015-04-07,61,72
2015-04-08,62.1,84
2015-04-09,57,78.1
2015-04-10,64.9,84
2015-04-11,52,75
2015-04-12,46.9,73
2015-04-13,50,80.1
2015-04-14,61,79
2015-04-15,52,61
2015-04-16,48,66
2015-04-17,55.9,78.1
2015-04-18,61,80.1
2015-04-19,63,73
2015-04-20,63,78.1
2015-04-21,52,70
2015-04-22,44.1,77
2015-04-23,48.9,68
2015-04-24,37.9,66.9
2015-04-25,45,57
2015-04-26,45,54
2015-04-27,39,68
2015-04-28,39,69.1
2015-04-29,43,70
2015-04-30,51.1,73
2015-05-01,51.1,61
2015-05-02,46,73
2015-05-03,46.9,79
2015-05-04,53.1,82
2015-05-05,55.9,82
2015-05-06,54,82.9
2015-05-07,57.9,82
2015-05-08,57,81
2015-05-09,64.9,84.9
2015-05-10,68,78.1
2015-05-11,69.1,87.1
2015-05-12,68,87.1
2015-05-13,57.9,80.1
2015-05-14,55.9,72
2015-05-15,55,77
2015-05-16,60.1,84.9
2015-05-17,63,88
2015-05-18,69.1,91
2015-05-19,69.1,90
2015-05-20,62.1,88
2015-05-21,57,71.1
2015-05-22,52,75
2015-05-23,48,80.1
2015-05-24,54,82.9
2015-05-25,57,84
2015-05-26,64.9,89.1
2015-05-27,69.1,87.1
2015-05-28,68,87.1
2015-05-29,66,87.1
2015-05-30,66,88
2015-05-31,69.1,89.1
2015-06-01,68,90
2015-06-02,66.9,82
2015-06-03,63,68
2015-06-04,61,68
2015-06-05,60.1,78.1
2015-06-06,59,88
2015-06-07,62.1,86
2015-06-08,64.9,89.1
2015-06-09,66.9,89.1
2015-06-10,66.9,88
2015-06-11,70,93
2015-06-12,71.1,90
2015-06-13,73.9,95
2015-06-14,71.1,96.1
2015-06-15,72,99
2015-06-16,73,100
2015-06-17,73.9,96.1
2015-06-18,71.1,98.1
2015-06-19,72,95
2015-06-20,71.1,96.1
2015-06-21,73,95
2015-06-22,70,96.1
2015-06-23,75.9,98.1
2015-06-24,73.9,95
2015-06-25,71.1,91.9
2015-06-26,69.1,91.9
2015-06-27,70,88
2015-06-28,64,84
2015-06-29,60.1,88
2015-06-30,66.9,91.9
2015-07-01,66.9,87.1
2015-07-02,72,87.1
2015-07-03,69.1,78.1
2015-07-04,69.1,87.1
2015-07-05,69.1,90
2015-07-06,70,89.1
2015-07-07,70,91
2015-07-08,72,91
2015-07-09,72,93.9
2015-07-10,73,93.9
2015-07-11,72,91
2015-07-12,66,86
2015-07-13,71.1,88
2015-07-14,70,88
2015-07-15,73.9,88
2015-07-16,72,86
2015-07-17,68,90
2015-07-18,73.9,93
2015-07-19,72,93
2015-07-20,72,93
2015-07-21,73,93
2015-07-22,71.1,88
2015-07-23,72,82
2015-07-24,68,86
2015-07-25,64,88
2015-07-26,66,89.1
2015-07-27,72,90
2015-07-28,73,90
2015-07-29,75,91
2015-07-30,73,93.9
2015-07-31,71.1,91
2015-08-01,64.9,93
2015-08-02,64.9,90
2015-08-03,69.1,95
2015-08-04,73,95
2015-08-05,73,97
2015-08-06,71.1,95
2015-08-07,70,75
2015-08-08,66,84.9
2015-08-09,64,89.1
2015-08-10,71.1,84.9
2015-08-11,69.1,87.1
2015-08-12,64.9,87.1
2015-08-13,63,88
2015-08-14,64.9,88
2015-08-15,66,91
2015-08-16,69.1,91.9
2015-08-17,69.1,95
2015-08-18,73.9,84.9
2015-08-19,72,89.1
2015-08-20,72,90
2015-08-21,70,88
2015-08-22,66,87.1
2015-08-23,61,87.1
2015-08-24,72,91.9
2015-08-25,72,89.1
2015-08-26,69.1,82
2015-08-27,64.9,84
2015-08-28,60.1,87.1
2015-08-29,60.1,86
2015-08-30,63,86
2015-08-31,66.9,77
2015-09-01,66.9,91
2015-09-02,68,93.9
2015-09-03,69.1,91
2015-09-04,68,91.9
2015-09-05,69.1,86
2015-09-06,66,81
2015-09-07,71.1,87.1
2015-09-08,70,89.1
2015-09-09,71.1,91
2015-09-10,71.1,89.1
2015-09-11,70,84
2015-09-12,68,78.1
2015-09-13,55,75.9
2015-09-14,48,78.1
2015-09-15,50,82
2015-09-16,52,81
2015-09-17,60.1,84
2015-09-18,55.9,84
2015-09-19,62.1,87.1
2015-09-20,62.1,86
2015-09-21,64.9,79
2015-09-22,66,79
2015-09-23,63,77
2015-09-24,60.1,75.9
2015-09-25,64,70
2015-09-26,64,69.1
2015-09-27,64,77
2015-09-28,70,80.1
2015-09-29,73.9,82
2015-09-30,66,82.9
2015-10-01,57.9,66
2015-10-02,55,60.1
2015-10-03,53.1,68
2015-10-04,57.9,69.1
2015-10-05,55.9,60.1
2015-10-06,51.1,73
2015-10-07,52,81
2015-10-08,57,82.9
2015-10-09,60.1,82
2015-10-10,55.9,66.9
2015-10-11,52,72
2015-10-12,51.1,78.1
2015-10-13,60.1,79
2015-10-14,52,77
2015-10-15,46.9,73
2015-10-16,46.9,68
2015-10-17,39,66.9
2015-10-18,33.1,57.9
2015-10-19,32,60.1
2015-10-20,34,70
2015-10-21,37.9,75.9
2015-10-22,41,79
2015-10-23,48.9,79
2015-10-24,51.1,71.1
2015-10-25,55.9,77
2015-10-26,52,64
2015-10-27,50,63
2015-10-28,63,73
2015-10-29,57,73.9
2015-10-30,45,68
2015-10-31,39.9,66
2015-11-01,55,63
2015-11-02,59,66
2015-11-03,59,64.9
2015-11-04,59,70
2015-11-05,63,73.9
2015-11-06,64.9,75.9
2015-11-07,59,72
2015-11-08,50,59
2015-11-09,46.9,55
2015-11-10,48,69.1
2015-11-11,46,68
2015-11-12,45,77
2015-11-13,44.1,66
2015-11-14,34,60.1
2015-11-15,31.1,64
2015-11-16,36,64.9
2015-11-17,37.9,66.9
2015-11-18,53.1,72
2015-11-19,55.9,73
2015-11-20,39.9,62.1
2015-11-21,32,60.1
2015-11-22,36,52
2015-11-23,29.1,46.9
2015-11-24,27.1,57
2015-11-25,30.2,59
2015-11-26,39,70
2015-11-27,43,71.1
2015-11-28,45,71.1
2015-11-29,48.9,73.9
2015-11-30,45,60.1
2015-12-01,43,53.1
2015-12-02,52,64
2015-12-03,39,57.9
2015-12-04,33.1,54
2015-12-05,29.1,55.9
2015-12-06,29.1,60.1
2015-12-07,41,57.9
2015-12-08,36,61
2015-12-09,42.1,64
2015-12-10,44.1,66.9
2015-12-11,50,71.1
2015-12-12,53.1,75
2015-12-13,50,73
2015-12-14,62.1,75
2015-12-15,48,72
2015-12-16,43,64.9
2015-12-17,51.1,59
2015-12-18,37,59
2015-12-19,26.2,48
2015-12-20,27.1,54
2015-12-21,36,57
2015-12-22,51.1,64.9
2015-12-23,61,73
2015-12-24,66,77
2015-12-25,64.9,73.9
2015-12-26,63,73.9
2015-12-27,64,75.9
2015-12-28,51.1,68
2015-12-29,53.1,73.9
2015-12-30,63,66.9
2015-12-31,51.1,66
2016-01-01,43,51.1
2016-01-02,32,52
2016-01-03,31.1,53.1
2016-01-04,29.1,43
2016-01-05,23.2,34
2016-01-06,21.2,45
2016-01-07,37,44.1
2016-01-08,39.9,46.9
2016-01-09,45,54
2016-01-10,37,63
2016-01-11,27.1,45
2016-01-12,28.2,54
2016-01-13,27.1,43
2016-01-14,27.1,60.1
2016-01-15,35.1,51.1
2016-01-16,42.1,61
2016-01-17,29.1,42.1
2016-01-18,22.1,35.1
2016-01-19,18.1,32
2016-01-20,18.1,39
2016-01-21,26.2,44.1
2016-01-22,25.2,32
2016-01-23,24.3,32
2016-01-24,28.2,46.9
2016-01-25,24.3,52
2016-01-26,35.1,61
2016-01-27,39.9,52
2016-01-28,34,45
2016-01-29,31.1,54
2016-01-30,26.2,55.9
2016-01-31,37.9,70
2016-02-01,46.9,72
2016-02-02,48.9,60.1
2016-02-03,51.1,72
2016-02-04,42.1,63
2016-02-05,29.1,46.9
2016-02-06,26.2,48
2016-02-07,37,44.1
2016-02-08,28.2,55.9
2016-02-09,29.1,44.1
2016-02-10,24.3,39.9
2016-02-11,19.2,41
2016-02-12,25.2,32
2016-02-13,21.2,34
2016-02-14,15.3,32
2016-02-15,23.2,35.1
2016-02-16,35.1,60.1
2016-02-17,37.9,57
2016-02-18,32,51.1
2016-02-19,26.2,53.1
2016-02-20,43,66
2016-02-21,45,71.1
2016-02-22,45,57
2016-02-23,43,46
2016-02-24,45,73
2016-02-25,39.9,55
2016-02-26,31.1,50
2016-02-27,24.3,52
2016-02-28,31.1,66.9
2016-02-29,46,73
2016-03-01,37.9,73.9
2016-03-02,35.1,64
2016-03-03,28.2,48.9
2016-03-04,35.1,52
2016-03-05,34,55
2016-03-06,37,57.9
2016-03-07,35.1,68
2016-03-08,46.9,78.1
2016-03-09,51.1,78.1
2016-03-10,57,79
2016-03-11,63,80.1
2016-03-12,59,78.1
2016-03-13,60.1,77
2016-03-14,57.9,80.1
2016-03-15,55,78.1
2016-03-16,57,86
2016-03-17,46,77
2016-03-18,48,72
2016-03-19,43,60.1
2016-03-20,39.9,43
2016-03-21,37,57
2016-03-22,32,66
2016-03-23,48,77
2016-03-24,54,78.1
2016-03-25,64,75.9
2016-03-26,55,64.9
2016-03-27,54,59
2016-03-28,54,75
2016-03-29,45,66.9
2016-03-30,42.1,69.1
2016-03-31,55,77
2016-04-01,66.9,78.1
2016-04-02,55.9,71.1
2016-04-03,44.1,62.1
2016-04-04,46,75.9
2016-04-05,37,62.1
2016-04-06,29.1,63
2016-04-07,53.1,69.1
2016-04-08,41,63
2016-04-09,37.9,52
2016-04-10,29.1,60.1
2016-04-11,46.9,75.9
2016-04-12,55,64
2016-04-13,45,64
2016-04-14,37.9,66
2016-04-15,39.9,66.9
2016-04-16,35.1,70
2016-04-17,37,72
2016-04-18,42.1,84
2016-04-19,53.1,88
2016-04-20,57,75
2016-04-21,53.1,81
2016-04-22,62.1,72
2016-04-23,61,77
2016-04-24,50,73.9
2016-04-25,53.1,81
2016-04-26,59,84
2016-04-27,64,87.1
2016-04-28,64,84.9
2016-04-29,60.1,78.1
2016-04-30,57.9,64.9
2016-05-01,59,77
2016-05-02,66,87.1
2016-05-03,63,79
2016-05-04,55,73.9
2016-05-05,48.9,61
2016-05-06,50,66.9
2016-05-07,50,75
2016-05-08,60.1,82
2016-05-09,57.9,81
2016-05-10,64.9,84
2016-05-11,63,82.9
2016-05-12,64,81
2016-05-13,59,78.1
2016-05-14,52,82
2016-05-15,48,66.9
2016-05-16,42.1,73
2016-05-17,57,69.1
2016-05-18,57,64
2016-05-19,57,62.1
2016-05-20,55.9,71.1
2016-05-21,62.1,77
2016-05-22,53.1,70
2016-05-23,51.1,68
2016-05-24,50,82.9
2016-05-25,59,87.1
2016-05-26,64,89.1
2016-05-27,68,88
2016-05-28,59,87.1
2016-05-29,64.9,75.9
2016-05-30,66,84
2016-05-31,70,84.9
2016-06-01,66.9,86
2016-06-02,70,88
2016-06-03,70,91
2016-06-04,69.1,91.9
2016-06-05,70,89.1
2016-06-06,71.1,82
2016-06-07,66.9,88
2016-06-08,57.9,81
2016-06-09,52,82
2016-06-10,59,84.9
2016-06-11,69.1,91.9
2016-06-12,70,93
2016-06-13,62.1,84.9
2016-06-14,59,90
2016-06-15,70,91
2016-06-16,73,91.9
2016-06-17,66.9,82.9
2016-06-18,59,82
2016-06-19,55.9,84
2016-06-20,55.9,88
2016-06-21,66.9,91
2016-06-22,72,91.9
2016-06-23,66.9,91
2016-06-24,69.1,88
2016-06-25,71.1,84.9
2016-06-26,64,84.9
2016-06-27,64.9,90
2016-06-28,71.1,78.1
2016-06-29,69.1,89.1
2016-06-30,69.1,88
2016-07-01,72,89.1
2016-07-02,71.1,88
2016-07-03,70,78.1
2016-07-04,69.1,84.9
2016-07-05,73,95
2016-07-06,72,91
2016-07-07,73,93
2016-07-08,71.1,93.9
2016-07-09,68,91
2016-07-10,69.1,88
2016-07-11,73,90
2016-07-12,70,91
2016-07-13,72,93.9
2016-07-14,73,95
2016-07-15,71.1,95
2016-07-16,70,87.1
2016-07-17,68,90
2016-07-18,72,93
2016-07-19,73.9,93
2016-07-20,70,89.1
2016-07-21,70,90
2016-07-22,73,93
2016-07-23,72,95
2016-07-24,73.9,95
2016-07-25,77,96.1
2016-07-26,75,97
2016-07-27,75.9,95
2016-07-28,73.9,96.1
2016-07-29,75,91.9
2016-07-30,73.9,95
2016-07-31,72,96.1
2016-08-01,73,91
2016-08-02,73,91
2016-08-03,73,88
2016-08-04,69.1,87.1
2016-08-05,73,88
2016-08-06,73.9,93
2016-08-07,73.9,86
2016-08-08,73,89.1
2016-08-09,75,91
2016-08-10,73,91.9
2016-08-11,73.9,91.9
2016-08-12,75.9,93.9
2016-08-13,77,93.9
2016-08-14,77,96.1
2016-08-15,75,96.1
2016-08-16,75,95
2016-08-17,75,97
2016-08-18,73.9,93
2016-08-19,75,91
2016-08-20,73.9,91
2016-08-21,73.9,93.9
2016-08-22,66.9,87.1
2016-08-23,64.9,89.1
2016-08-24,64,87.1
2016-08-25,64.9,91.9
2016-08-26,72,99
2016-08-27,75,98.1
2016-08-28,71.1,90
2016-08-29,69.1,90
2016-08-30,66.9,91.9
2016-08-31,71.1,95
2016-09-01,71.1,93.9
2016-09-02,64,75
2016-09-03,64,81
2016-09-04,61,82.9
2016-09-05,57.9,84
2016-09-06,61,91
2016-09-07,66.9,93.9
2016-09-08,68,96.1
2016-09-09,71.1,93.9
2016-09-10,73.9,91.9
2016-09-11,72,91
2016-09-12,69.1,88
2016-09-13,64,91
2016-09-14,66,91
2016-09-15,66,90
2016-09-16,68,82.9
2016-09-17,66,89.1
2016-09-18,71.1,90
2016-09-19,71.1,79
2016-09-20,71.1,75
2016-09-21,70,75
2016-09-22,71.1,82.9
2016-09-23,66.9,84.9
2016-09-24,64,91.9
2016-09-25,69.1,73.9
2016-09-26,64.9,75.9
2016-09-27,66.9,80.1
2016-09-28,66,86
2016-09-29,64.9,79
2016-09-30,71.1,82.9
2016-10-01,66,84
2016-10-02,62.1,79
2016-10-03,62.1,79
2016-10-04,62.1,75.9
2016-10-05,60.1,72
2016-10-06,59,72
2016-10-07,64.9,73.9
2016-10-08,63,70
2016-10-09,52,73
2016-10-10,45,68
2016-10-11,43,68
2016-10-12,48,73
2016-10-13,48,79
2016-10-14,53.1,70
2016-10-15,52,72
2016-10-16,51.1,78.1
2016-10-17,57,82
2016-10-18,60.1,84
2016-10-19,62.1,88
2016-10-20,61,86
2016-10-21,55.9,78.1
2016-10-22,42.1,64
2016-10-23,39.9,70
2016-10-24,46.9,78.1
2016-10-25,44.1,66
2016-10-26,39,68
2016-10-27,46.9,75
2016-10-28,54,73.9
2016-10-29,48,78.1
2016-10-30,55.9,84
2016-10-31,54,71.1
2016-11-01,52,64
2016-11-02,50,79
2016-11-03,55.9,82.9
2016-11-04,45,69.1
2016-11-05,37.9,64.9
2016-11-06,37,71.1
2016-11-07,37.9,64
2016-11-08,33.1,66.9
2016-11-09,46.9,66.9
2016-11-10,37,64.9
2016-11-11,36,70
2016-11-12,30.2,55
2016-11-13,24.3,64
2016-11-14,44.1,54
2016-11-15,37,64
2016-11-16,35.1,69.1
2016-11-17,37,69.1
2016-11-18,39,75.9
2016-11-19,42.1,77
2016-11-20,31.1,53.1
2016-11-21,27.1,54
2016-11-22,27.1,57.9
2016-11-23,28.2,62.1
2016-11-24,46.9,72
2016-11-25,52,73.9
2016-11-26,32,57.9
2016-11-27,27.1,55.9
2016-11-28,31.1,59
2016-11-29,57.9,72
2016-11-30,64.9,77
2016-12-01,46,68
2016-12-02,33.1,57.9
2016-12-03,33.1,54
2016-12-04,41,46.9
2016-12-05,42.1,59
2016-12-06,43,48.9
2016-12-07,37,60.1
2016-12-08,37.9,52
2016-12-09,27.1,41
2016-12-10,20.1,45
2016-12-11,23.2,46
2016-12-12,37,62.1
2016-12-13,37.9,55
2016-12-14,34,52
2016-12-15,24.3,41
2016-12-16,19.2,32
2016-12-17,28.2,48.9
2016-12-18,43,75
2016-12-19,34,46.9
2016-12-20,29.1,45
2016-12-21,27.1,59
2016-12-22,37.9,66
2016-12-23,29.1,53.1
2016-12-24,43,59
2016-12-25,48,60.1
2016-12-26,46.9,60.1
2016-12-27,52,68
2016-12-28,36,60.1
2016-12-29,39,63
2016-12-30,28.2,48
2016-12-31,23.2,50
2017-01-01,41,50
2017-01-02,46.9,51.1
2017-01-03,46.9,55.9
2017-01-04,41,64
2017-01-05,29.1,44.1
2017-01-06,32,43
2017-01-07,20.1,32
2017-01-08,15.3,27.1
2017-01-09,9.1,31.1
2017-01-10,24.3,48
2017-01-11,39.9,57
2017-01-12,54,73
2017-01-13,50,75.9
2017-01-14,42.1,55
2017-01-15,39.9,57
2017-01-16,44.1,51.1
2017-01-17,46.9,62.1
2017-01-18,45,70
2017-01-19,36,63
2017-01-20,46,59
2017-01-21,51.1,55
2017-01-22,53.1,55.9
2017-01-23,43,60.1
2017-01-24,41,63
2017-01-25,36,73
2017-01-26,43,70
2017-01-27,30.2,51.1
2017-01-28,27.1,52
2017-01-29,30.2,54
2017-01-30,30.2,46
2017-01-31,31.1,68
2017-02-01,42.1,70
2017-02-02,37,61
2017-02-03,34,48.9
2017-02-04,26.2,45
2017-02-05,27.1,60.1
2017-02-06,31.1,68
2017-02-07,48.9,75.9
2017-02-08,54,73.9
2017-02-09,32,60.1
2017-02-10,26.2,51.1
2017-02-11,41,73
2017-02-12,57.9,82.9
2017-02-13,37,64
2017-02-14,30.2,64
2017-02-15,39,55.9
2017-02-16,32,53.1
2017-02-17,34,66
2017-02-18,37,73
2017-02-19,44.1,73
2017-02-20,42.1,73
2017-02-21,44.1,66
2017-02-22,51.1,70
2017-02-23,50,77
2017-02-24,46.9,80.1
2017-02-25,52,81
2017-02-26,37,55.9
2017-02-27,35.1,66
2017-02-28,50,77
2017-03-01,59,79
2017-03-02,39,62.1
2017-03-03,31.1,54
2017-03-04,25.2,54
2017-03-05,30.2,53.1
2017-03-06,34,64.9
2017-03-07,48.9,73.9
2017-03-08,46,69.1
2017-03-09,37,75
2017-03-10,41,69.1
2017-03-11,31.1,50
2017-03-12,30.2,48
2017-03-13,26.2,42.1
2017-03-14,30.2,54
2017-03-15,24.3,39.9
2017-03-16,24.3,50
2017-03-17,23.2,57.9
2017-03-18,44.1,64
2017-03-19,36,57
2017-03-20,30.2,66
2017-03-21,50,82
2017-03-22,39,64
2017-03-23,31.1,55.9
2017-03-24,37,71.1
2017-03-25,52,75.9
2017-03-26,52,77
2017-03-27,59,79
2017-03-28,60.1,80.1
2017-03-29,55,73
2017-03-30,55,66.9
2017-03-31,57.9,79
2017-04-01,48.9,75
2017-04-02,48.9,69.1
2017-04-03,50,75.9
2017-04-04,63,82
2017-04-05,53.1,78.1
2017-04-06,50,70
2017-04-07,43,59
2017-04-08,34,66.9
2017-04-09,37.9,77
2017-04-10,48.9,78.1
2017-04-11,55,82
2017-04-12,55.9,82.9
2017-04-13,54,80.1
2017-04-14,53.1,81
2017-04-15,61,84.9
2017-04-16,60.1,82
2017-04-17,62.1,86
2017-04-18,61,73.9
2017-04-19,55,69.1
2017-04-20,55.9,84.9
2017-04-21,63,89.1
2017-04-22,55.9,87.1
2017-04-23,53.1,55.9
2017-04-24,53.1,60.1
2017-04-25,57.9,70
2017-04-26,55.9,81
2017-04-27,62.1,82
2017-04-28,69.1,88
2017-04-29,72,89.1
2017-04-30,70,86
2017-05-01,68,84.9
2017-05-02,60.1,77
2017-05-03,53.1,79
2017-05-04,57,80.1
2017-05-05,55.9,78.1
2017-05-06,53.1,66.9
2017-05-07,45,69.1
2017-05-08,43,71.1
2017-05-09,43,64
2017-05-10,57,82.9
2017-05-11,61,84
2017-05-12,54,61
2017-05-13,52,66
2017-05-14,48.9,81
2017-05-15,60.1,84.9
2017-05-16,57,87.1
2017-05-17,66,89.1
2017-05-18,66,86
2017-05-19,68,89.1
2017-05-20,66.9,90
2017-05-21,60.1,75.9
2017-05-22,68,80.1
2017-05-23,66.9,71.1
2017-05-24,64.9,73.9
2017-05-25,60.1,75.9
2017-05-26,59,81
2017-05-27,61,88
2017-05-28,66.9,86
2017-05-29,64,87.1
2017-05-30,68,82
2017-05-31,68,86
2017-06-01,62.1,84.9
2017-06-02,61,84.9
2017-06-03,57,88
2017-06-04,61,90
2017-06-05,66.9,84.9
2017-06-06,64,82.9
2017-06-07,59,77
2017-06-08,55,73
2017-06-09,53.1,82.9
2017-06-10,61,89.1
2017-06-11,66.9,90
2017-06-12,66.9,89.1
2017-06-13,66.9,89.1
2017-06-14,66,93
2017-06-15,70,91
2017-06-16,70,89.1
2017-06-17,72,86
2017-06-18,73.9,91
2017-06-19,70,91.9
2017-06-20,66.9,82
2017-06-21,66,84.9
2017-06-22,71.1,84
2017-06-23,73,91
2017-06-24,71.1,91
2017-06-25,66.9,84
2017-06-26,60.1,84.9
2017-06-27,59,82.9
2017-06-28,57,82.9
2017-06-29,60.1,87.1
2017-06-30,69.1,87.1
2017-07-01,73,90
2017-07-02,71.1,91.9
2017-07-03,70,93
2017-07-04,71.1,91.9
2017-07-05,70,89.1
2017-07-06,68,93
2017-07-07,73,91
2017-07-08,71.1,95
2017-07-09,69.1,88
2017-07-10,70,90
2017-07-11,71.1,95
2017-07-12,75,93.9
2017-07-13,78.1,97
2017-07-14,77,97
2017-07-15,75,93.9
2017-07-16,73,91
2017-07-17,71.1,90
2017-07-18,71.1,89.1
2017-07-19,66.9,93.9
2017-07-20,71.1,99
2017-07-21,73.9,98.1
2017-07-22,75.9,100.9
2017-07-23,71.1,102
2017-07-24,71.1,93
2017-07-25,73.9,91
2017-07-26,72,90
2017-07-27,72,93.9
2017-07-28,75,93.9
2017-07-29,70,82
2017-07-30,63,84.9
2017-07-31,57.9,87.1
2017-08-01,60.1,88
2017-08-02,66,91
2017-08-03,68,93.9
2017-08-04,68,91.9
2017-08-05,68,91.9
2017-08-06,64.9,90
2017-08-07,73.9,91.9
2017-08-08,68,78.1
2017-08-09,66.9,84
2017-08-10,63,88
2017-08-11,73,89.1
2017-08-12,73,91.9
2017-08-13,73,81
2017-08-14,73,88
2017-08-15,75.9,91
2017-08-16,73.9,91.9
2017-08-17,75,93.9
2017-08-18,75,98.1
2017-08-19,73,91.9
2017-08-20,71.1,95
2017-08-21,71.1,93
2017-08-22,73.9,96.1
2017-08-23,73.9,95
2017-08-24,71.1,84
2017-08-25,68,84.9
2017-08-26,68,82.9
2017-08-27,63,81
2017-08-28,62.1,78.1
2017-08-29,64,71.1
2017-08-30,59,84
2017-08-31,69.1,87.1
2017-09-01,64,78.1
2017-09-02,61,82.9
2017-09-03,62.1,82.9
2017-09-04,59,87.1
2017-09-05,64,90
2017-09-06,61,82
2017-09-07,53.1,75.9
2017-09-08,51.1,77
2017-09-09,53.1,75.9
2017-09-10,51.1,71.1
2017-09-11,57.9,66.9
2017-09-12,63,79
2017-09-13,61,84
2017-09-14,64,82.9
2017-09-15,63,84.9
2017-09-16,62.1,84.9
2017-09-17,63,84.9
2017-09-18,64.9,82.9
2017-09-19,64,84.9
2017-09-20,62.1,91
2017-09-21,64.9,88
2017-09-22,61,89.1
2017-09-23,61,87.1
2017-09-24,63,87.1
2017-09-25,63,82.9
2017-09-26,69.1,84.9
2017-09-27,68,91
2017-09-28,63,93.9
2017-09-29,60.1,72
2017-09-30,54,77
2017-10-01,48,71.1
2017-10-02,46.9,75.9
2017-10-03,50,77
2017-10-04,50,82
2017-10-05,54,84.9
2017-10-06,55,86
2017-10-07,59,86
2017-10-08,73.9,84
2017-10-09,73.9,91.9
2017-10-10,75,90
2017-10-11,73,89.1
2017-10-12,64.9,77
2017-10-13,63,71.1
2017-10-14,62.1,78.1
2017-10-15,62.1,82.9
2017-10-16,51.1,69.1
2017-10-17,42.1,64
2017-10-18,37,68
2017-10-19,42.1,75.9
2017-10-20,43,77
2017-10-21,48,79
2017-10-22,51.1,79
2017-10-23,61,75.9
2017-10-24,52,72
2017-10-25,42.1,66
2017-10-26,39.9,63
2017-10-27,37.9,73
2017-10-28,46.9,73.9
2017-10-29,41,68
2017-10-30,36,59
2017-10-31,39,69.1
2017-11-01,46,73
2017-11-02,55,78.1
2017-11-03,52,81
2017-11-04,55.9,64
2017-11-05,51.1,70
2017-11-06,53.1,75.9
2017-11-07,44.1,63
2017-11-08,43,45
2017-11-09,45,50
2017-11-10,35.1,57.9
2017-11-11,28.2,46
2017-11-12,28.2,48.9
2017-11-13,42.1,60.1
2017-11-14,43,52
2017-11-15,33.1,54
2017-11-16,36,66.9
2017-11-17,34,57
2017-11-18,33.1,66.9
2017-11-19,34,64
2017-11-20,28.2,57
2017-11-21,30.2,64
2017-11-22,42.1,62.1
2017-11-23,29.1,50
2017-11-24,26.2,57
2017-11-25,29.1,66.9
2017-11-26,33.1,62.1
2017-11-27,26.2,61
2017-11-28,29.1,64.9
2017-11-29,39.9,70
2017-11-30,35.1,69.1
2017-12-01,41,63
2017-12-02,45,51.1
2017-12-03,42.1,64
2017-12-04,33.1,61
2017-12-05,41,69.1
2017-12-06,41,57
2017-12-07,39.9,48.9
2017-12-08,32,43
2017-12-09,32,34
2017-12-10,27.1,43
2017-12-11,26.2,55
2017-12-12,30.2,53.1
2017-12-13,21.2,43
2017-12-14,30.2,57
2017-12-15,31.1,43
2017-12-16,24.3,50
2017-12-17,27.1,51.1
2017-12-18,35.1,61
2017-12-19,36,70
2017-12-20,48,55.9
2017-12-21,36,53.1
2017-12-22,36,61
2017-12-23,48,71.1
2017-12-24,43,61
2017-12-25,30.2,46.9
2017-12-26,27.1,43
2017-12-27,27.1,45
2017-12-28,18.1,30.2
2017-12-29,15.3,42.1
2017-12-30,27.1,52
2017-12-31,23.2,35.1
2018-01-01,13.1,28.2
2018-01-02,12.2,32
2018-01-03,9.1,32
2018-01-04,18.1,30.2
2018-01-05,12.2,31.1
2018-01-06,12.2,27.1
2018-01-07,4.1,30.2
2018-01-08,16.2,46.9
2018-01-09,29.1,63
2018-01-10,43,61
2018-01-11,41,64
2018-01-12,55.9,71.1
2018-01-13,29.1,55.9
2018-01-14,21.2,33.1
2018-01-15,17.2,39
2018-01-16,20.1,46.9
2018-01-17,23.2,37.9
2018-01-18,10.2,34
2018-01-19,19.2,48.9
2018-01-20,26.2,55.9
2018-01-21,31.1,68
2018-01-22,37.9,62.1
2018-01-23,46.9,70
2018-01-24,34,54
2018-01-25,26.2,48.9
2018-01-26,25.2,57
2018-01-27,31.1,66.9
2018-01-28,52,60.1
2018-01-29,33.1,52
2018-01-30,25.2,39.9
2018-01-31,19.2,46.9
2018-02-01,31.1,62.1
2018-02-02,24.3,57
2018-02-03,18.1,42.1
2018-02-04,33.1,55.9
2018-02-05,29.1,48
2018-02-06,29.1,59
2018-02-07,44.1,64.9
2018-02-08,33.1,50
2018-02-09,28.2,57.9
2018-02-10,43,64.9
2018-02-11,64,72
2018-02-12,42.1,64.9
2018-02-13,37,44.1
2018-02-14,37,57.9
2018-02-15,54,75
2018-02-16,55.9,81
2018-02-17,39.9,55.9
2018-02-18,39,61
2018-02-19,39.9,50
2018-02-20,50,72
2018-02-21,63,77
2018-02-22,61,78.1
2018-02-23,52,70
2018-02-24,57,78.1
2018-02-25,60.1,73
2018-02-26,39.9,63
2018-02-27,35.1,61
2018-02-28,39,57
2018-03-01,50,57
2018-03-02,41,55
2018-03-03,35.1,57
2018-03-04,35.1,55.9
2018-03-05,26.2,54
2018-03-06,32,42.1
2018-03-07,35.1,54
2018-03-08,27.1,46.9
2018-03-09,25.2,52
2018-03-10,37.9,55.9
2018-03-11,37.9,48.9
2018-03-12,32,37.9
2018-03-13,29.1,48
2018-03-14,31.1,44.1
2018-03-15,24.3,64.9
2018-03-16,39,68
2018-03-17,34,71.1
2018-03-18,39.9,60.1
2018-03-19,44.1,64.9
2018-03-20,36,57
2018-03-21,32,42.1
2018-03-22,32,53.1
2018-03-23,27.1,55.9
2018-03-24,27.1,50
2018-03-25,33.1,54
2018-03-26,32,53.1
2018-03-27,34,48.9
2018-03-28,43,75.9
2018-03-29,55.9,80.1
2018-03-30,51.1,71.1
2018-03-31,39.9,64
2018-04-01,41,75
2018-04-02,51.1,81
2018-04-03,45,75
2018-04-04,48,77
2018-04-05,34,61
2018-04-06,45,73
2018-04-07,33.1,62.1
2018-04-08,32,52
2018-04-09,39.9,57
2018-04-10,39,62.1
2018-04-11,37.9,62.1
2018-04-12,44.1,75
2018-04-13,52,80.1
2018-04-14,59,81
2018-04-15,61,82
2018-04-16,41,64
2018-04-17,33.1,62.1
2018-04-18,42.1,82
2018-04-19,45,75.9
2018-04-20,34,64.9
2018-04-21,37,68
2018-04-22,42.1,70
2018-04-23,52,66
2018-04-24,53.1,64.9
2018-04-25,51.1,68
2018-04-26,48,75
2018-04-27,54,73
2018-04-28,50,78.1
2018-04-29,44.1,66
2018-04-30,36,72
2018-05-01,45,82.9
2018-05-02,53.1,84.9
2018-05-03,57,84.9
2018-05-04,60.1,84.9
2018-05-05,63,82
2018-05-06,62.1,84.9
2018-05-07,55,73.9
2018-05-08,53.1,77
2018-05-09,50,79
2018-05-10,59,87.1
2018-05-11,59,89.1
2018-05-12,66.9,91.9
2018-05-13,66,93
2018-05-14,68,93
2018-05-15,69.1,88
2018-05-16,68,84.9
2018-05-17,69.1,77
2018-05-18,71.1,82
2018-05-19,69.1,75
2018-05-20,69.1,86
2018-05-21,68,86
2018-05-22,66.9,84.9
2018-05-23,69.1,87.1
2018-05-24,68,84
2018-05-25,64.9,86
2018-05-26,68,87.1
2018-05-27,69.1,87.1
2018-05-28,69.1,75.9
2018-05-29,69.1,82
2018-05-30,73,84.9
2018-05-31,71.1,88
2018-06-01,69.1,91.9
2018-06-02,68,87.1
2018-06-03,69.1,88
2018-06-04,64,84.9
2018-06-05,57,82
2018-06-06,61,84.9
2018-06-07,62.1,84.9
2018-06-08,64.9,89.1
2018-06-09,68,89.1
2018-06-10,66.9,91
2018-06-11,64,84.9
2018-06-12,63,70
2018-06-13,66.9,84.9
2018-06-14,70,91
2018-06-15,69.1,86
2018-06-16,64.9,90
2018-06-17,70,93
2018-06-18,73.9,93.9
2018-06-19,73,96.1
2018-06-20,73,93.9
2018-06-21,72,91.9
2018-06-22,71.1,95
2018-06-23,73.9,91.9
2018-06-24,73,96.1
2018-06-25,72,88
2018-06-26,66,73.9
2018-06-27,64.9,86
2018-06-28,68,90
2018-06-29,70,91.9
2018-06-30,71.1,93.9
2018-07-01,73,95
2018-07-02,75,95
2018-07-03,75,95
2018-07-04,72,93
2018-07-05,72,95
2018-07-06,71.1,93
2018-07-07,66.9,79
2018-07-08,62.1,82
2018-07-09,57,87.1
2018-07-10,59,91
2018-07-11,66.9,96.1
2018-07-12,72,87.1
2018-07-13,68,88
2018-07-14,64.9,89.1
2018-07-15,68,95
2018-07-16,73.9,95
2018-07-17,72,98.1
2018-07-18,72,89.1
2018-07-19,63,90
2018-07-20,69.1,86
2018-07-21,69.1,88
2018-07-22,68,89.1
2018-07-23,70,88
2018-07-24,71.1,86
2018-07-25,69.1,82
2018-07-26,68,91.9
2018-07-27,73,95
2018-07-28,71.1,91
2018-07-29,70,88
2018-07-30,72,86
2018-07-31,73,87.1
2018-08-01,73,90
2018-08-02,71.1,89.1
2018-08-03,70,77
2018-08-04,71.1,89.1
2018-08-05,72,93
2018-08-06,72,91.9
2018-08-07,71.1,93
2018-08-08,69.1,93.9
2018-08-09,69.1,90
2018-08-10,69.1,91
2018-08-11,72,91
2018-08-12,70,89.1
2018-08-13,66.9,84.9
2018-08-14,64.9,86
2018-08-15,68,90
2018-08-16,68,91.9
2018-08-17,73,91
2018-08-18,73,88
2018-08-19,68,88
2018-08-20,68,87.1
2018-08-21,71.1,87.1
2018-08-22,70,88
2018-08-23,60.1,80.1
2018-08-24,55,82
2018-08-25,59,82.9
2018-08-26,60.1,88
2018-08-27,69.1,93
2018-08-28,71.1,93.9
2018-08-29,72,93.9
2018-08-30,73,95
2018-08-31,69.1,91.9
2018-09-01,71.1,93
2018-09-02,69.1,90
2018-09-03,69.1,91
2018-09-04,72,91.9
2018-09-05,71.1,91
2018-09-06,71.1,91.9
2018-09-07,71.1,91.9
2018-09-08,71.1,91
2018-09-09,66.9,80.1
2018-09-10,66.9,88
2018-09-11,68,88
2018-09-12,72,88
2018-09-13,73.9,81
2018-09-14,73,79
2018-09-15,73,77
2018-09-16,73,75.9
2018-09-17,72,88
2018-09-18,71.1,84.9
2018-09-19,64.9,88
2018-09-20,66.9,87.1
2018-09-21,70,82.9
2018-09-22,66.9,88
2018-09-23,64,75.9
2018-09-24,64,73.9
2018-09-25,69.1,84.9
2018-09-26,66,87.1
2018-09-27,70,79
2018-09-28,64.9,79
2018-09-29,60.1,82
2018-09-30,62.1,81
2018-10-01,60.1,82
2018-10-02,61,82.9
2018-10-03,64,86
2018-10-04,66,89.1
2018-10-05,68,90
2018-10-06,68,82
2018-10-07,66,87.1
2018-10-08,69.1,84.9
2018-10-09,66.9,80.1
2018-10-10,69.1,81
2018-10-11,63,79
2018-10-12,51.1,71.1
2018-10-13,48,70
2018-10-14,48.9,64.9
2018-10-15,59,80.1
2018-10-16,64,75
2018-10-17,53.1,71.1
2018-10-18,43,62.1
2018-10-19,39,69.1
2018-10-20,54,66.9
2018-10-21,37,57.9
2018-10-22,34,62.1
2018-10-23,42.1,66
2018-10-24,37.9,61
2018-10-25,36,55
2018-10-26,42.1,52
2018-10-27,46.9,55
2018-10-28,42.1,64
2018-10-29,39,64.9
2018-10-30,35.1,64.9
2018-10-31,42.1,72
2018-11-01,55,75
2018-11-02,60.1,70
2018-11-03,39,61
2018-11-04,37,64.9
2018-11-05,54,62.1
2018-11-06,57,73.9
2018-11-07,48.9,73
2018-11-08,51.1,64.9
2018-11-09,50,53.1
2018-11-10,34,52
2018-11-11,28.2,51.1
2018-11-12,35.1,48
2018-11-13,44.1,51.1
2018-11-14,39,48
2018-11-15,36,43
2018-11-16,34,54
2018-11-17,33.1,59
2018-11-18,37,59
2018-11-19,43,64.9
2018-11-20,37.9,64
2018-11-21,30.2,57
2018-11-22,33.1,50
2018-11-23,27.1,45
2018-11-24,36,45
2018-11-25,42.1,59
2018-11-26,39,63
2018-11-27,31.1,48
2018-11-28,25.2,42.1
2018-11-29,25.2,51.1
2018-11-30,42.1,68
2018-12-01,52,62.1
2018-12-02,57.9,71.1
2018-12-03,46.9,68
2018-12-04,41,53.1
2018-12-05,30.2,48
2018-12-06,25.2,46
2018-12-07,29.1,50
2018-12-08,31.1,43
2018-12-09,30.2,37.9
2018-12-10,30.2,34
2018-12-11,27.1,44.1
2018-12-12,24.3,45
2018-12-13,29.1,51.1
2018-12-14,36,57
2018-12-15,42.1,48.9
2018-12-16,42.1,60.1
2018-12-17,36,61
2018-12-18,34,53.1
2018-12-19,27.1,53.1
2018-12-20,45,66
2018-12-21,46,64.9
2018-12-22,34,53.1
2018-12-23,28.2,57
2018-12-24,29.1,51.1
2018-12-25,26.2,50
2018-12-26,26.2,51.1
2018-12-27,29.1,54
2018-12-28,50,68
2018-12-29,45,64.9
2018-12-30,45,59
2018-12-31,46.9,66.9
2019-01-01,51.1,71.1
2019-01-02,46.9,54
2019-01-03,46.9,55
2019-01-04,46,60.1
2019-01-05,44.1,61
2019-01-06,39,64.9
2019-01-07,39.9,51.1
2019-01-08,46,66.9
2019-01-09,37,57
2019-01-10,27.1,39
2019-01-11,21.2,43
2019-01-12,30.2,39
2019-01-13,32,37
2019-01-14,31.1,41
2019-01-15,28.2,46.9
2019-01-16,26.2,54
2019-01-17,28.2,48.9
2019-01-18,39,59
2019-01-19,37,59
2019-01-20,26.2,59
2019-01-21,17.2,31.1
2019-01-22,17.2,39
2019-01-23,31.1,64
2019-01-24,35.1,64.9
2019-01-25,27.1,46.9
2019-01-26,22.1,51.1
2019-01-27,26.2,53.1
2019-01-28,37,50
2019-01-29,31.1,54
2019-01-30,21.2,44.1
2019-01-31,18.1,39
2019-02-01,27.1,57.9
2019-02-02,29.1,60.1
2019-02-03,33.1,61
2019-02-04,37,68
2019-02-05,37.9,75.9
2019-02-06,46.9,77
2019-02-07,60.1,79
2019-02-08,45,75
2019-02-09,33.1,46
2019-02-10,27.1,43
2019-02-11,36,46
2019-02-12,41,48
2019-02-13,39,57
2019-02-14,29.1,64
2019-02-15,48.9,66.9
2019-02-16,34,57.9
2019-02-17,34,39.9
2019-02-18,37.9,63
2019-02-19,33.1,45
2019-02-20,32,37
2019-02-21,35.1,59
2019-02-22,39.9,53.1
2019-02-23,39,42.1
2019-02-24,41,64.9
2019-02-25,37,59
2019-02-26,30.2,63
2019-02-27,39.9,50
2019-02-28,42.1,62.1
2019-03-01,39,46.9
2019-03-02,37,59
2019-03-03,42.1,50
2019-03-04,34,50
2019-03-05,32,44.1
2019-03-06,27.1,42.1
2019-03-07,23.2,50
2019-03-08,39,48.9
2019-03-09,41,48
2019-03-10,46.9,68
2019-03-11,44.1,66
2019-03-12,35.1,60.1
2019-03-13,32,64
2019-03-14,50,75
2019-03-15,57.9,73.9
2019-03-16,39.9,59
2019-03-17,35.1,57
2019-03-18,32,60.1
2019-03-19,33.1,55
2019-03-20,32,53.1
2019-03-21,44.1,59
2019-03-22,42.1,63
2019-03-23,35.1,62.1
2019-03-24,32,71.1
2019-03-25,51.1,71.1
2019-03-26,39,55.9
2019-03-27,30.2,57
2019-03-28,32,66
2019-03-29,45,73.9
2019-03-30,53.1,75.9
2019-03-31,44.1,64.9
2019-04-01,34,53.1
2019-04-02,31.1,39.9
2019-04-03,31.1,69.1
2019-04-04,48,75
2019-04-05,54,60.1
2019-04-06,53.1,66.9
2019-04-07,52,71.1
2019-04-08,57,81
2019-04-09,61,73.9
2019-04-10,54,73.9
2019-04-11,46.9,79
2019-04-12,59,69.1
2019-04-13,64,70
2019-04-14,66,79
2019-04-15,46.9,71.1
2019-04-16,37.9,69.1
2019-04-17,48,80.1
2019-04-18,61,80.1
2019-04-19,64,73
2019-04-20,48.9,66
2019-04-21,44.1,64
2019-04-22,43,73
2019-04-23,46,81
2019-04-24,57.9,84
2019-04-25,59,82
2019-04-26,51.1,77
2019-04-27,45,73.9
2019-04-28,55.9,82
2019-04-29,54,69.1
2019-04-30,60.1,86
2019-05-01,63,84
2019-05-02,63,84.9
2019-05-03,63,84
2019-05-04,64.9,86
2019-05-05,63,77
2019-05-06,60.1,77
2019-05-07,57.9,79
2019-05-08,62.1,82.9
2019-05-09,63,82.9
2019-05-10,66,78.1
2019-05-11,64,81
2019-05-12,64.9,75.9
2019-05-13,57,73.9
2019-05-14,46.9,66.9
2019-05-15,43,72
2019-05-16,51.1,79
2019-05-17,57.9,84.9
2019-05-18,62.1,91
2019-05-19,69.1,89.1
2019-05-20,69.1,88
2019-05-21,63,84.9
2019-05-22,62.1,80.1
2019-05-23,64,84
2019-05-24,68,93
2019-05-25,71.1,91.9
2019-05-26,72,93.9
2019-05-27,68,89.1
2019-05-28,66.9,96.1
2019-05-29,68,95
2019-05-30,64.9,96.1
2019-05-31,64,91
2019-06-01,61,84
2019-06-02,62.1,88
2019-06-03,60.1,82
2019-06-04,57,84
2019-06-05,68,88
2019-06-06,69.1,90
2019-06-07,71.1,78.1
2019-06-08,71.1,79
2019-06-09,70,80.1
2019-06-10,72,87.1
2019-06-11,61,81
2019-06-12,59,73.9
2019-06-13,61,79
2019-06-14,53.1,79
2019-06-15,51.1,82.9
2019-06-16,66,89.1
2019-06-17,72,93
2019-06-18,71.1,91
2019-06-19,71.1,88
2019-06-20,69.1,93
2019-06-21,64.9,84.9
2019-06-22,63,84
2019-06-23,66.9,81
2019-06-24,64,95
2019-06-25,70,90
2019-06-26,68,89.1
2019-06-27,66.9,93
2019-06-28,70,97
2019-06-29,68,91.9
2019-06-30,69.1,93.9
2019-07-01,72,90
2019-07-02,68,95
2019-07-03,70,97
2019-07-04,72,96.1
2019-07-05,70,91
2019-07-06,73.9,93
2019-07-07,75,93
2019-07-08,73.9,91.9
2019-07-09,73,84.9
2019-07-10,72,91
2019-07-11,75,93
2019-07-12,73,91.9
2019-07-13,73,95
2019-07-14,72,96.1
2019-07-15,70,95
2019-07-16,71.1,96.1
2019-07-17,75.9,98.1
2019-07-18,73.9,96.1
2019-07-19,73.9,98.1
2019-07-20,73,95
2019-07-21,73,99
2019-07-22,73.9,97
2019-07-23,64,82
2019-07-24,62.1,84
2019-07-25,63,87.1
2019-07-26,64.9,87.1
2019-07-27,63,88
2019-07-28,63,90
2019-07-29,66,93
2019-07-30,68,93.9
2019-07-31,69.1,95
2019-08-01,66.9,91
2019-08-02,68,87.1
2019-08-03,70,86
2019-08-04,68,89.1
2019-08-05,68,84.9
2019-08-06,64.9,90
2019-08-07,72,91
2019-08-08,68,91
2019-08-09,66.9,93
2019-08-10,71.1,91
2019-08-11,69.1,88
2019-08-12,68,90
2019-08-13,73,96.1
2019-08-14,73,93
2019-08-15,72,90
2019-08-16,70,88
2019-08-17,72,91
2019-08-18,70,91.9
2019-08-19,72,95
2019-08-20,71.1,93
2019-08-21,71.1,91
2019-08-22,71.1,95
2019-08-23,71.1,91.9
2019-08-24,64,72
2019-08-25,63,75.9
2019-08-26,61,79
2019-08-27,64.9,81
2019-08-28,69.1,88
2019-08-29,61,86
2019-08-30,57,90
2019-08-31,62.1,89.1
2019-09-01,63,86
2019-09-02,70,90
2019-09-03,68,91
2019-09-04,70,88
2019-09-05,70,79
2019-09-06,69.1,87.1
2019-09-07,63,90
2019-09-08,66,89.1
2019-09-09,71.1,86
2019-09-10,70,89.1
2019-09-11,68,91.9
2019-09-12,71.1,96.1
2019-09-13,71.1,82
2019-09-14,69.1,82.9
2019-09-15,66.9,86
2019-09-16,69.1,90
2019-09-17,66,88
2019-09-18,60.1,79
2019-09-19,54,75
2019-09-20,50,79
2019-09-21,55,88
2019-09-22,63,90
2019-09-23,62.1,91
2019-09-24,64,89.1
2019-09-25,63,87.1
2019-09-26,70,93.9
2019-09-27,68,88
2019-09-28,71.1,93.9
2019-09-29,69.1,95
2019-09-30,71.1,88
2019-10-01,66.9,89.1
2019-10-02,69.1,96.1
2019-10-03,70,100
2019-10-04,68,93.9
2019-10-05,57.9,68
2019-10-06,57,82
2019-10-07,57.9,84.9
2019-10-08,59,71.1
2019-10-09,55.9,72
2019-10-10,53.1,75
2019-10-11,50,80.1
2019-10-12,52,86
2019-10-13,59,75
2019-10-14,50,78.1
2019-10-15,46,77
2019-10-16,52,66
2019-10-17,45,66
2019-10-18,39.9,68
2019-10-19,39,66.9
2019-10-20,55.9,64.9
2019-10-21,50,73.9
2019-10-22,57,77
2019-10-23,44.1,69.1
2019-10-24,39.9,73
2019-10-25,52,75
2019-10-26,53.1,79
2019-10-27,61,84.9
2019-10-28,53.1,75
2019-10-29,55,71.1
2019-10-30,62.1,70
2019-10-31,55,84.9
2019-11-01,39,59
2019-11-02,36,62.1
2019-11-03,36,60.1
2019-11-04,33.1,64
2019-11-05,45,73
2019-11-06,48,64.9
2019-11-07,41,70
2019-11-08,33.1,57.9
2019-11-09,27.1,52
2019-11-10,29.1,64.9
2019-11-11,41,70
2019-11-12,29.1,55.9
2019-11-13,25.2,39.9
2019-11-14,24.3,48
2019-11-15,39,46.9
2019-11-16,42.1,50
2019-11-17,39.9,53.1
2019-11-18,41,46.9
2019-11-19,41,55.9
2019-11-20,37.9,61
2019-11-21,31.1,59
2019-11-22,48.9,66
2019-11-23,46.9,60.1
2019-11-24,37.9,61
2019-11-25,32,62.1
2019-11-26,34,64.9
2019-11-27,48.9,64
2019-11-28,41,59
2019-11-29,33.1,55.9
2019-11-30,46,50
2019-12-01,46,66
2019-12-02,37.9,50
2019-12-03,35.1,51.1
2019-12-04,33.1,57
2019-12-05,30,57.9
2019-12-06,30.9,55.9
2019-12-07,34,52
2019-12-08,26.1,52
2019-12-09,43,61
2019-12-10,48,75.9
2019-12-11,30,48
2019-12-12,28,45
2019-12-13,36,48.9
2019-12-14,43,55
2019-12-15,35.1,61
2019-12-16,39.9,70
2019-12-17,45,64
2019-12-18,34,48
2019-12-19,27,44.1
2019-12-20,25,55.9
2019-12-21,30,48.9
2019-12-22,26.1,48
2019-12-23,42.1,50
2019-12-24,42.1,64.9
2019-12-25,32,57.9
2019-12-26,34,66
2019-12-27,44.1,66.9
2019-12-28,48,71.1
2019-12-29,57,73
2019-12-30,48.9,75.9
2019-12-31,39,59
